time_s,roll_deg_s,D,m1_command_pct,m2_command_pct,m3_command_pct,m4_command_pct
0.004,-0.0000022226772370634184,0,54.00522851038617,53.998761420467524,53.99525578444504,54.000754284701266
0.024,0.00040947219977000314,0.4005900334419471,53.968096849142945,54.0198010291161,54.02573278844803,53.98636933329292
0.04400000000000001,0.003926397756119181,0.1901432058893897,53.98709310970048,54.00630612205639,54.017719098255554,53.98888166998758
0.06400000000000003,0.008729928853703791,-0.3033736401993617,54.025278013619115,53.9855761936394,53.97674748675753,54.01239830598395
0.08400000000000005,0.010174156533863847,0.011234175413769379,54.0008241194733,54.005883120138826,53.99261799760834,54.00067476277953
0.10400000000000006,0.013180531033285639,0.31206303145370995,53.97752484068091,54.011965223431595,54.02608889322577,53.98442104266173
0.12400000000000008,0.019893716204879678,-0.16685010521622964,54.00810325358241,53.98516220705651,53.995351953887244,54.01138258547383
0.1440000000000001,0.021347612263089323,-0.28591151710122537,54.02098936407835,53.989885549468305,53.972434878541044,54.0166902079123
0.16400000000000012,0.0186216270982396,0.2387109870069722,53.99187244779368,54.01607006466374,54.010340323979634,53.98171716356295
0.18400000000000014,0.021470330693941622,0.1409103312483685,53.98872212579148,54.001579464347586,54.015968503867455,53.993729905993476
0.20400000000000015,0.024199436551798927,-0.3337824679566594,54.01430324767193,53.97830007656273,53.97947170624445,54.02792496952088
0.22400000000000017,0.018905306703199447,-0.02312074333941446,54.00900984239094,54.00135662456985,53.99167695034687,53.99795658269234
0.2440000000000002,0.015778428548998424,0.3347179197452878,53.98746618514503,54.0212771741264,54.01819565330012,53.97306098742845
0.2640000000000002,0.019257814062366454,-0.11473984316674146,53.999639670391694,53.99123079804627,53.99483461944276,54.014294912119276
0.2840000000000002,0.017073730276830637,-0.27327988256068714,54.01371902032049,53.97802391473014,53.98540252074431,54.02285454420507
0.3040000000000002,0.010304552234847442,0.2508124568179221,53.99418915626997,54.01539451684613,54.01212545023178,53.978290876652125
0.32400000000000023,0.011513492810702125,0.19312473297976054,53.99041214565976,54.01890684406972,54.00507115830986,53.98560985196066
0.34400000000000025,0.014346064786122681,-0.30475883439561613,54.01353564090916,53.97783917611701,53.984069621365585,54.024555561608246
0.36400000000000027,0.008720521630018812,-0.0368791368549665,54.00275082382703,53.98810472750385,54.003861901605376,54.00528254706374
0.3840000000000003,0.005476014723006851,0.34694742030615316,53.981952094892605,54.02674163651692,54.01479364021628,53.976512628374195
0.4040000000000003,0.010225284189698296,-0.08508723155168506,54.00772860025801,54.00208739716346,53.98849482046926,54.00168918210927
0.4240000000000003,0.009509036787641164,-0.28933427835044667,54.018018717126054,53.97392004882008,53.98852110078634,54.019540133267526
0.44400000000000034,0.00330543120807866,0.22634469616042452,53.98152853573015,54.00852563457876,54.016662486205604,53.99328334348549
0.46400000000000036,0.005169229048087898,0.21061753299648076,53.98804284677906,54.01975293738325,54.00701098611518,53.985193229722505
0.4840000000000004,0.00931001322490276,-0.30064701385846365,54.02657610643915,53.98373204223293,53.979524113455255,54.01016773787266
0.5040000000000003,0.004478104755168803,-0.07096098409599558,54.001969430682045,53.99064526822401,53.997768815916,54.00961648517795
0.5240000000000004,0.0012399779326156143,0.3420442108232599,53.97113311918758,54.01824867050862,54.02302918729641,53.987589023007395
0.5440000000000004,0.006412555370545594,-0.06303561106606179,54.00922074386837,53.997700181501784,53.99609801078539,53.99698106384446
0.5640000000000004,0.006481881229609935,-0.306002767737816,54.02556810656659,53.98523811930378,53.97573258653774,54.01346118759189
0.5840000000000004,0.00031709709797655364,0.20095632419183354,53.98233648574666,54.0110632827154,54.01126248642183,53.99533774511612
0.6040000000000004,0.0019553399935630864,0.22945502567727885,53.98189063669479,54.00694336427093,54.022348727769476,53.9888172712648
0.6240000000000004,0.006596349687769353,-0.2900438762344852,54.02191322680455,53.984146896364486,53.980877509633565,54.0130623671974
0.6440000000000005,0.002199222128459237,-0.09976910897170756,54.00973795271265,54.00155043989451,53.98365753992977,54.00505406746307
0.6640000000000005,-0.0013368284046231186,0.3390268609487351,53.97810019700219,54.01616589201612,54.02482246956774,53.98091144141395
0.6840000000000005,0.003867367344057843,-0.03684402254304885,53.99761205335261,53.990776250763005,54.00651272479372,54.00509897109066
0.7040000000000005,0.00456854498516404,-0.31745055309778075,54.01939384888945,53.98579855124983,53.97416945383611,54.02063814602461
0.7240000000000005,-0.0015309245740479911,0.17643766817823575,53.99686728093263,54.01485885099879,54.00457528650885,53.98369858155972
0.7440000000000005,-0.0002063341362683218,0.24823258387606928,53.9843685221386,54.01081487280596,54.02085942860935,53.98395717644609
0.7640000000000006,0.004832280401116718,-0.2763415858483811,54.007531933960706,53.98049159126923,53.986561045802304,54.02541542896776
0.7840000000000006,0.0009126860802332604,-0.12712535454371965,54.011045717891015,53.99325563200558,53.98883640753707,54.006862242566335
0.8040000000000006,-0.0029058688316896683,0.33414737984986564,53.98888016634509,54.0232176048766,54.01715816270623,53.97074406607208
0.8240000000000006,0.00222811596171665,-0.010044276781345545,53.99516841740964,54.00096102429553,53.99978636211781,54.004084196177025
0.8440000000000006,0.003511935979177124,-0.32635986251085203,54.013431430780926,53.974295959306545,53.984897466466705,54.02737514344582
0.8640000000000007,-0.0025075491276389363,0.15105489705881117,53.99676305569702,54.00661737010815,54.0097473551288,53.98687221906602
0.8840000000000007,-0.0015680647484676727,0.2656541582399428,53.98734677091434,54.02504498114931,54.008753540489295,53.978854707447056
0.9040000000000007,0.0037625923385900674,-0.2603505468335844,54.01234278314015,53.9847486017894,53.98452724501504,54.018381370055415
0.9240000000000007,0.0003009158122921911,-0.15317925173818522,54.007518489869426,53.979977854547386,53.9990991851767,54.013404470406485
0.9440000000000007,-0.003821988476588718,0.32740852363808215,53.98021372767486,54.02221788799128,54.0172515294091,53.98031685492476
0.9640000000000007,0.0011463947221834177,0.017246928373579048,54.002002227102494,54.010602247496465,53.993585137574755,53.99381038782629
0.9840000000000008,0.002956500945185217,-0.3326152194182616,54.02286387635086,53.975199056887924,53.9834901963247,54.01844687043651
1.0040000000000007,-0.0029766750409516507,0.1250398040150319,53.98656421457818,54.00076797719353,54.012408768032,54.00025904019628
1.0240000000000007,-0.0024683492703511632,0.28162547444062286,53.98016483594062,54.02129702105028,54.01438802729775,53.98415011571135
1.0440000000000007,0.0030793596661267287,-0.24224327622111955,54.02338413559425,53.98935253872339,53.98235023215688,54.00491309352548
1.0640000000000007,0.00007141455501433343,-0.1778740900015793,54.01169012238462,53.987350651094275,53.98884871855505,54.01211050796606
1.0840000000000007,-0.0043533866513724324,0.31871617627006027,53.97138780646189,54.01585080881814,54.02243674618306,53.990324638536904
1.1040000000000008,0.00038708060789649675,0.044673766458062224,53.99884041647395,54.00163935265235,54.00595289390037,53.99356733697333
1.1240000000000008,0.0026870147905878714,-0.3363673081155398,54.028202360642744,53.98458814195295,53.97387256213951,54.013336935264796
1.1440000000000008,-0.0031389663737986014,0.09838648962922684,53.991786224898114,54.00823575228747,54.001657053824665,53.99832096898975
1.1640000000000008,-0.003086028754024488,0.2958710862046966,53.97674028934897,54.010478590956524,54.02684339695051,53.985937722744
1.1840000000000008,0.0026203963442719804,-0.22230333445331402,54.01433594531712,53.98515774107546,53.989159046104426,54.01134726750299
1.2040000000000008,0.0000696958428953523,-0.20118669951075355,54.01635983770076,53.99640809523585,53.97707057383475,54.01016149322864
1.2240000000000009,-0.00464274304495393,0.3080077266581273,53.98316824986726,54.01783451598321,54.01900510547995,53.97999212866958
1.2440000000000009,-0.00017896137002933014,0.07194155021922281,53.99052678256567,53.99674806655629,54.01419253946334,53.9985326114147
1.264000000000001,0.0025803122247862924,-0.3376896481359352,54.01689324272884,53.98161767759885,53.97689340390387,54.02459567576844
1.284000000000001,-0.0031116498439490072,0.07119059219928357,54.00338707536349,54.00928323533667,53.997254367165255,53.99007532213459
1.304000000000001,-0.0035271920438476644,0.30821880839925386,53.98447825860214,54.01750002978086,54.02120091767409,53.976820793942906
1.324000000000001,0.0022868161985062545,-0.2007374104022481,54.00239815542338,53.98500875477421,53.99209381037073,54.020499279431675
1.344000000000001,0.00020004572590990363,-0.22302437615079457,54.01283796260836,53.98469983212051,53.98623593473029,54.01622627054084
1.364000000000001,-0.0047777844003091,0.2952964205585731,53.99184066770238,54.02065787106797,54.01447999244452,53.973021468785134
1.384000000000001,-0.0006307482964269787,0.09880822298060955,53.992118941080555,54.01082399460743,54.00338781912543,53.99366924518659
1.404000000000001,0.0025602726803869084,-0.33662763116595884,54.01316557987327,53.97444872907278,53.98439309054256,54.02799260051139
1.424000000000001,-0.002966714978601787,0.04358666967279222,54.00002605245597,53.99655393942711,54.00658169566997,53.99683831244695
1.444000000000001,-0.003855371910946253,0.3185373809208809,53.98460672615647,54.02764674393546,54.01216732785113,53.975579202056934
1.464000000000001,0.0020195319659912308,-0.17773750839688882,54.010014572202465,53.99387620015386,53.986166204734616,54.009943022909056
1.484000000000001,0.00040455032534728454,-0.24328086653149464,54.01291538199435,53.97498016666833,53.993608923835964,54.01849552750136
1.5040000000000011,-0.004810633518517408,0.28062973427567267,53.980335322177,54.015307560863064,54.01788737912288,53.986469737837055
1.5240000000000011,-0.0010142337352469898,0.12505430533683,53.99478460923986,54.01715164041505,54.00023291694629,53.9878308333988
1.5440000000000011,0.002581576953190452,-0.33322265372537196,54.025719675270494,53.97909620505406,53.98035531966745,54.01482880000799
1.5640000000000012,-0.0027475327009621863,0.015731430778296307,53.994154563712435,53.994094103291324,54.00561681607612,54.00613451692012
1.5840000000000012,-0.004107740855198599,0.3267278288357183,53.97410565406988,54.02062608194624,54.0200285282637,53.98523973572018
1.6040000000000012,0.001783797228482676,-0.15348694354084155,54.0168582266403,53.99469026968844,53.98842678546114,54.00002471821012
1.6240000000000012,0.000647742025022877,-0.2618427646747659,54.020295170790604,53.9854173838778,53.98103798373005,54.013249461601546
1.6440000000000012,-0.004772829394906948,0.2640850294038461,53.97561342831032,54.013057941972214,54.01796687358905,53.993361756128415
1.6640000000000013,-0.001356287401930145,0.1504800131553878,53.988806270889214,54.00504549833475,54.01539240390474,53.99075582687129
1.6840000000000013,0.0026167198902631843,-0.32751757940375137,54.02678802980772,53.984304331058084,53.97603232696146,54.01287531217274
1.7040000000000013,-0.002481021938537483,-0.012203686028435357,54.001837483049975,54.00473788455151,53.99154946959775,54.001875162800765
1.7240000000000013,-0.0043061400050766144,0.33271718145930934,53.97541032469499,54.013750739491286,54.027466608959614,53.98337232685411
1.7440000000000013,0.0015594360113562289,-0.12816713798925272,54.005425805398005,53.98758231412904,53.99872369913555,54.0082681813374
1.7640000000000013,0.0009077900864994579,-0.2785987956233216,54.019792965581864,53.99077752592766,53.97377200365985,54.01565750483062
1.7840000000000014,-0.004683330984424411,0.24576089839122728,53.99007524810612,54.01732393219045,54.01131870410728,53.981282115596144
1.8040000000000014,-0.0016719024483833743,0.17489897084227934,53.985804721013885,54.00391010873074,54.01944126583651,53.99084390441886
1.8240000000000014,0.002649382595142679,-0.3195634317284798,54.01240931107936,53.97979646395763,53.9816950345979,54.02609919036511
1.8440000000000014,-0.0021839713391491287,-0.04003946322262669,54.00846517557676,54.00152080469266,53.99136776811862,53.99864625161196
1.8640000000000014,-0.0044631693300458426,0.33645447934097894,53.98636430951177,54.02181481735899,54.01968394210958,53.97213693101966
1.8840000000000015,0.0013349764603570048,-0.10195990910456854,53.997858174657004,53.992471233161005,53.99711662135174,54.01255397083025
1.9040000000000015,0.0011707972898877125,-0.29344331224212605,54.013423071869184,53.978026432389186,53.98485842943488,54.02369206630675
1.9240000000000015,-0.004554046131139946,0.22577433892491122,53.99489432374879,54.014447988291714,54.01161693570082,53.979040752258676
1.9440000000000015,-0.0019694206805077608,0.19813744842535286,53.9894663399487,54.019444277081824,54.006661114380115,53.98442826858936
1.9640000000000015,0.00266962655805007,-0.3094213499661082,54.01245972616323,53.97854146061199,53.984366955824726,54.02463185740005
1.9840000000000015,-0.0018673807038330948,-0.0675928282835387,54.00390744198512,53.98683637062818,54.00270156946756,54.006554617919136
2.0040000000000013,-0.004586025362862171,0.33790795999577955,53.982321921508465,54.026321400777896,54.015175695789445,53.976180981924195
2.0240000000000014,0.001104350225306694,-0.0750498409070821,54.00609955759902,54.003489791075246,53.9894505628584,54.00096008846733
2.0440000000000014,0.0014279830510395364,-0.3062808496354438,54.01829470315242,53.97343151331829,53.9880413056311,54.02023247789819
2.0640000000000014,-0.004392299500688274,0.2042562361275467,53.98289596766836,54.00719693262507,54.01611240746984,53.993794692236726
2.0840000000000014,-0.002252776318121591,0.22003222509096443,53.98686767091837,54.02102550226405,54.00765577737326,53.98445104944432
2.1040000000000014,0.0026717713913520283,-0.2971648540215552,54.025670515604276,53.98454080894301,53.980037045129095,54.00975163032362
2.1240000000000014,-0.0015385876029186587,-0.09467996771888966,54.00340837916806,53.989091846705016,53.99716654963523,54.010333224491696
2.1440000000000015,-0.004678729457898539,0.33706423596253965,53.97104620857885,54.01845442969296,54.02275806461662,53.987741297111576
2.1640000000000015,0.0008645682640762503,-0.04762339427493478,54.00775722167719,53.99933909723146,53.99700170466355,53.995901976427795
2.1840000000000015,0.0016733212198348781,-0.31702672544846827,54.02627953256095,53.98449334564043,53.97582981588637,54.01339730591225
2.2040000000000015,-0.004203179124724169,0.18135062887356726,53.98317839695891,54.010140246126944,54.0102545496433,53.99642680727084
2.2240000000000015,-0.0025237281106728574,0.24043163708668638,53.980726134006744,54.00824440652242,54.02281720096043,53.9882122585104
2.2440000000000015,0.002652417096471428,-0.28287989053066676,54.0216472282352,53.98461025387105,53.9818782804744,54.01186423741935
2.2640000000000016,-0.0012029126156618112,-0.12111873500976306,54.01081431255169,54.00045637440621,53.98261598600527,54.00611332703683
2.2840000000000016,-0.004743433810121448,0.33392663521300414,53.97782934371332,54.016347282009114,54.0242996553666,53.98152371891097
2.3040000000000016,0.0006147554199647091,-0.019869835247676822,53.99674180604006,53.99176393491318,54.00800211596108,54.00349214308568
2.3240000000000016,0.001902872435180735,-0.3256099973327427,54.01986717940208,53.98551444355592,53.97392928909134,54.020689087950664
2.3440000000000016,-0.003990040742126839,0.15721148854927464,53.99747796394426,54.01422383441327,54.00311732199373,53.98518087964874
2.3640000000000017,-0.0027823392371412996,0.25919480932517114,53.9837675584169,54.011301526673805,54.021928640646024,53.98300227426327
2.3840000000000017,0.0026099043654305015,-0.2666653941769946,54.0069962078632,53.98111277436893,53.98751468975433,54.02437632801354
2.4040000000000017,-0.0008643456871651627,-0.14673028700222096,54.011750294617556,53.99272361906483,53.987277967981356,54.008248118336255
2.4240000000000017,-0.00478132739989982,0.32851548188004304,53.989294097008404,54.02276955219099,54.017034790546965,53.970901560253644
2.4440000000000017,0.00035505538943844174,0.008020860952173177,53.99416568648979,54.00182504224353,54.00136779541388,54.002641475852805
2.4640000000000017,0.0021135961598387873,-0.3319729277411833,54.0132289300821,53.974553670221816,53.98428693614532,54.02793046355077
2.4840000000000018,-0.0037557113540338605,0.1320025770085542,53.99798844173294,54.00555127704612,54.008618029395265,53.98784225182567
2.504000000000002,-0.003028098191766521,0.2761931165308922,53.98699433354688,54.025359755183636,54.009812489948736,53.977833421320746
2.524000000000002,0.002543414286213964,-0.2486327217102177,54.01104947633321,53.98588661830176,53.98509349183661,54.01797041352842
2.544000000000002,-0.0005261518942984394,-0.17134108666827388,54.008487434523595,53.97904108930553,53.998025928823274,54.0144455473476
2.564000000000002,-0.0047929634332319875,0.3208665815946783,53.98107678388527,54.02150777963453,54.01718266767422,53.980232768805976
2.584000000000002,0.00008655617256843762,0.03585755015342066,54.00048010949961,54.01209128962238,53.99450650177858,53.992922099099424
2.604000000000002,0.002303476734766318,-0.3360732115963404,54.02271825308675,53.975181335655776,53.98333652917833,54.01876388207914
2.624000000000002,-0.003502299907745368,0.10589473684391193,53.988128629465514,53.99921963047914,54.01168120425232,54.00097053580303
2.644000000000002,-0.003259809135935963,0.29130998163677896,53.979425599381905,54.022188509129386,54.0146860868068,53.98369980468191
2.664000000000002,0.002452926829346596,-0.22890528454539452,54.02222015415795,53.990494145248334,53.983036303434304,54.00424939715941
2.684000000000002,-0.0001911200019199487,-0.1947837614935296,54.01297889578005,53.98589662169144,53.98839205643911,54.0127324260894
2.704000000000002,-0.004778761348905752,0.3110318983447718,53.971748642673184,54.015494241194226,54.02181864656685,53.99093846956574
2.724000000000002,-0.00018941529943758114,0.06345049917857702,53.99741976192946,54.00321434353361,54.00674342531227,53.99262246922466
2.744000000000002,0.002470735079662699,-0.33788294224522125,54.02857968644594,53.984202267080605,53.97427550059518,54.012942545878275
2.764000000000002,-0.0032319743251425378,0.07906577498483111,53.99284200618093,54.00701610382355,54.000541961543284,53.999599928452234
2.784000000000002,-0.0034762646638473002,0.30444218425608427,53.97586184640709,54.01135118003544,54.02697447602919,53.98581249752828
2.804000000000002,0.0023387756913382397,-0.2076178698988096,54.013784238596386,53.98586612081316,53.99039499540039,54.009954645190064
2.824000000000002,0.00013828035377509338,-0.21689907909494857,54.017330238297255,53.995443724390505,53.97624176636398,54.01098427094826
2.844000000000002,-0.004738914512604492,0.2990778385455036,53.98325542703572,54.01758612595257,54.01809489803957,53.98106354897214
2.864000000000002,-0.0004710039791978465,0.09061104935100472,53.9896389019442,53.99761995967685,54.01562987724193,53.99711126113703
2.884000000000002,0.002614249123119513,-0.33739037966543833,54.01703449212792,53.98163419872911,53.97708634993526,54.02424495920771
2.904000000000002,-0.002946547587882483,0.05169803458759464,54.004157606276415,54.00853276342976,53.99563098182512,53.9916786484687
2.924000000000002,-0.003675978601439196,0.3154999434774955,53.98418358206716,54.0176364360224,54.02187908774823,53.97630089416221
2.944000000000002,0.002201711275140406,-0.1849156371712758,54.00161313642481,53.98576697614571,53.993386536677406,54.019233350752074
2.964000000000002,0.0004597301201906324,-0.2375362781169705,54.01332921684404,53.98436568387038,53.9849095383434,54.01739556094218
2.984000000000002,-0.004673810370982616,0.28508604527123466,53.99262099396304,54.019910667781836,54.01389535220965,53.973572986045475
3.0040000000000022,-0.0007564304460421808,0.11715436130137655,53.991247630542745,54.011540075772146,54.004911540200524,53.992300753484585
3.0240000000000022,0.002732904465751271,-0.33459868273229487,54.0125596253408,53.97501642741386,53.984228176897986,54.02819577034735
3.0440000000000023,-0.002648069392366832,0.02397809007698216,54.00129902360823,53.995435724464805,54.00530531833336,53.9979599335936
3.0640000000000023,-0.0038576379977821027,0.3244078463093466,53.98469845828262,54.02760031348882,54.01283579837538,53.97486542985318
3.0840000000000023,0.0020426923747399028,-0.16095351234023603,54.00853405725727,53.99520482975394,53.98698309824119,54.0092780147476
3.1040000000000023,0.0007711393410706278,-0.25655511021299576,54.01354648114274,53.974299040439476,53.992775233073175,54.01937924534461
3.1240000000000023,-0.004583727271683663,0.26915139983338465,53.98157052683261,54.0142233879108,54.01747722614169,53.98672885911489
3.1440000000000023,-0.0010435418761941709,0.14289910015585663,53.99347498021202,54.01851810198277,54.00102314234221,53.986983775462996
3.1640000000000024,0.00282611387308565,-0.3295272710132469,54.02515296543429,53.97951496763275,53.980531354918796,54.014800712014164
3.1840000000000024,-0.002338369279449042,-0.003905433425790559,53.995744196065175,53.992442733729916,54.00487051843264,54.00694255177227
3.2040000000000024,-0.004019842785256323,0.33110511053944613,53.9737923642336,54.021085612960746,54.01999552572968,53.98512649707597
3.2240000000000024,0.0018629081823875913,-0.13589467891938994,54.01550031935431,53.996116089063555,53.98922760927274,53.9991559823094
3.2440000000000024,0.0010704338866436049,-0.2738257406155064,54.02130943815024,53.98425991726502,53.98083775764603,54.01359288693871
3.2640000000000025,-0.004469276747729511,0.2513828024495632,53.976322689661934,54.012275574220986,54.01710362447175,53.99429811164533
3.2840000000000025,-0.001330402030402413,0.16767016321843925,53.98750042792734,54.006491936549175,54.01600578286102,53.990001852662466
3.3040000000000025,0.002893228664602959,-0.3222104557066218,54.026804945169864,53.984366042911965,53.97675424171478,54.01207477020339
3.3240000000000025,-0.0020195358472461064,-0.031762430292105716,54.002983873860174,54.003453948845916,53.9904498107808,54.00311236651311
3.3440000000000025,-0.0041614086659784505,0.3355460362858112,53.9748593035377,54.01421779151963,54.02722842597312,53.983694478969554
3.3640000000000025,0.00166373097203188,-0.10991011868375074,54.00465722707326,53.988485093123806,54.0001142135884,54.00674346621454
3.3840000000000026,0.0013557870556890437,-0.28923084147363276,54.020555090073046,53.99010436779085,53.97325449478579,54.01608604735031
3.4040000000000026,-0.004330976274652456,0.2319009170538488,53.99048136877368,54.016786825866966,54.01007072217494,53.98266108318442
3.4240000000000026,-0.0016147698610482874,0.1912983711614547,53.985017827113836,54.00460275716961,54.020698092493916,53.98968132322264
3.4440000000000026,0.0029340717426213966,-0.3126983827794472,54.01220332680378,53.980129545489795,53.98232958908017,54.02533753862625
3.4640000000000026,-0.0016934958080526182,-0.05940321586356511,54.00926726937482,54.00081756930037,53.98971820675561,54.000196954569205
3.4840000000000027,-0.004281180064905638,0.3377004073317958,53.98643315139558,54.021622396987034,54.01990646335107,53.972037988266315
3.5040000000000027,0.001446645531855171,-0.08317668255770479,53.996927998672646,53.99329750945574,53.99863508117291,54.0111394106987
3.5240000000000027,0.0016253239694720453,-0.30266511699647486,54.01358744145111,53.977981360263726,53.983888363284166,54.024542835001
3.5440000000000027,-0.004169738762958198,0.21083886257760434,53.99595257593513,54.01349794879999,54.01065494409591,53.97989453116897
3.5640000000000027,-0.0018946914904663242,0.21362305174484356,53.9888529461537,54.01994226966079,54.007989312524174,53.98321547166134
3.5840000000000027,0.002948397559657049,-0.3010556472534992,54.01147114621118,53.97941713251204,53.98463665432395,54.02447506695283
3.6040000000000028,-0.0013623948659033753,-0.08663938419559285,54.005063476980204,53.98579115032948,54.001441120139084,54.00770425255123
3.6240000000000028,-0.004378203948110887,0.33755342920964754,53.982865211275765,54.02589505392207,54.01543344778959,53.975806287012574
3.644000000000003,0.001213334083761278,-0.05587680090499239,54.00456012062289,54.00492269765997,53.99039811579764,54.0001190659195
3.664000000000003,0.0018774683630725306,-0.31403739216946763,54.01850061385967,53.973104359481766,53.987536005905284,54.02085902075328
3.684000000000003,-0.003986365758564319,0.18833976691631307,53.98438075133095,54.00581382589733,54.01546979007065,53.99433563270107
3.704000000000003,-0.002167953878082759,0.2344917518444448,53.985868915360236,54.02214923583853,54.0082227110184,53.98375913778283
3.724000000000003,0.002936392751976112,-0.287361788785071,54.024725397859136,53.98538889191915,53.98050445147229,54.00938125874942
3.744000000000003,-0.0010282516156301677,-0.11328538416997566,54.00488321272376,53.987488144866255,53.996527595323776,54.01110104708621
3.764000000000003,-0.004451643724881008,0.3351062417960729,53.97115132717946,54.018441238959376,54.02240527707264,53.98800215678852
3.784000000000003,0.0009654976520662327,-0.028196212330655168,54.00630861340377,54.0009199687974,53.99782094838421,53.994950469414626
3.804000000000003,0.0021105605461182947,-0.3232698075555991,54.02694929245298,53.98373661025967,53.97594259839063,54.01337149889672
3.824000000000003,-0.0037820784971371794,0.16455731432037127,53.98414838966049,54.009034512064574,54.00923480537345,53.997582292901484
3.844000000000003,-0.00243266788887158,0.25376257282131165,53.979622156209295,54.00943000886907,54.023175349925914,53.98777248499572
3.864000000000003,0.0028981943933980266,-0.2717099536938881,54.021320802488916,53.985075435507966,53.982889863675695,54.010713898327424
3.884000000000003,-0.0006932361520326426,-0.13915965715812742,54.01193364693258,53.99926062990266,53.98164748238292,54.00715824078184
3.904000000000003,-0.00450082825740354,0.33037534154298714,53.97762853546171,54.01640627133798,54.02367990365456,53.98228528954575
3.924000000000003,0.000705058616547329,-0.00032384497142121663,53.9958500633022,53.99272650879385,54.00944305644427,54.00198037145968
3.944000000000003,0.0023232943695797818,-0.33029983196127555,54.020336291575326,53.98518975291888,53.973803005487476,54.02067095001832
3.964000000000003,-0.0035579629496699395,0.13965319339759333,53.99812592045574,54.013510480445596,54.00162000917094,53.98674358992772
3.984000000000003,-0.0026867295680585088,0.2713039272641568,53.98319198250353,54.01173004178452,54.02288651762555,53.982191458086405
4.004000000000002,0.0028343285775064004,-0.25420692068572587,54.006469728789384,53.981698868999175,53.988556642555665,54.02327475965578
4.024,-0.00035942119368801914,-0.164085845734492,54.01244512639967,53.99217801741125,53.98575254156384,54.00962431462524
4.043999999999998,-0.004525277664823796,0.32339317999680645,53.98973985031966,54.02226979987734,54.01678287827888,53.97120747152412
4.063999999999996,0.0004338751087416086,0.027550713781459513,53.993224214906235,54.00261508053174,54.002968350790624,54.0011923537714
4.083999999999993,0.002514259473333263,-0.33507917638581464,54.012997726449676,53.97483292060961,53.98375281859037,54.02841653435035
4.103999999999991,-0.003315525038903235,0.11379745711158865,53.999202589048714,54.00449028509505,54.00739828315373,53.98890884270251
4.123999999999989,-0.0029283745838515484,0.28699653799106395,53.986746177045845,54.025565630754485,54.01082625189723,53.97686194030244
4.143999999999987,0.0027453029540102708,-0.23497186330986286,54.00975928240952,53.98702190318389,53.98572649277041,54.01749232163618
4.163999999999985,-0.000028950613651481,-0.18789418573560238,54.00938494625386,53.97817977133016,53.99692359748359,54.01551168493239
4.183999999999982,-0.004524629703917045,0.3142070919596558,53.98203810509785,54.020702632901184,54.01705041291812,53.98020884908285
4.20399999999998,0.00015404828831409932,0.05523717749118285,53.99902810547351,54.01351298136349,53.99544623325356,53.992012679909436
4.223999999999978,0.0026824460720537412,-0.3375756545765522,54.022471695595755,53.97527042530713,53.983190452185355,54.01906742691176
4.243999999999976,-0.0030561147463209295,0.08716595592450696,53.989731266384396,53.99764112035788,54.01092447823001,54.00170313502771
4.263999999999974,-0.0031556737941169245,0.3007332632714545,53.97881308935018,54.02295928823783,54.014959909205515,53.98326771320647
4.283999999999971,0.0026319613097059488,-0.21413589650388354,54.02098357238866,53.991712562731394,53.98371438771461,54.003589477165335
4.303999999999969,0.0002960990007010926,-0.21042231709124348,54.01422838034392,53.98448804242281,53.98795777059185,54.01332580664142
4.323999999999967,-0.004498778933392594,0.3028799503105438,53.97223987683671,54.015014923689534,54.02118123735609,53.99156396211767
4.343999999999965,-0.00013246044377105272,0.08254725953614518,53.995994834924595,54.004798697337584,54.00747525742333,53.99173121031449
4.363999999999963,0.0028267292983687304,-0.3377718715434489,54.02887540867704,53.98390063569816,53.97471843691379,54.01250551871101
4.38399999999996,-0.0027814833283837763,0.05994047556490077,53.99397624769811,54.00572208217934,53.99946218584123,54.00083948428132
4.403999999999958,-0.0033670371950048072,0.31242068600123696,53.97503599444133,54.01217666787977,54.02701146002528,53.98577587765362
4.423999999999956,0.0024951662247018978,-0.1918409825442334,54.01316844497067,53.986641555035725,53.99163137975116,54.00855862024245
4.443999999999954,0.0006136658364043917,-0.23151689056470873,54.01831416892347,53.99446617482451,53.97550981483806,54.01170984141396
4.463999999999952,-0.004447685213587067,0.28948864180478934,53.98339965941976,54.01728237365698,54.01711022848886,53.9822077384344
4.483999999999949,-0.000423432382979408,0.1092944963776947,53.98873880133181,53.99850741761514,54.0169976037836,53.99575617726945
4.503999999999947,0.002946418804824182,-0.3356668576231912,54.017162263931525,53.98166533668068,53.9773938623716,54.0237785370162
4.523999999999945,-0.002493212432015905,0.03230624688743406,54.004942555813585,54.00776644742159,53.9940011282565,53.99328986850833
4.543999999999943,-0.0035607669155715634,0.32197902715395055,53.98391136235355,54.01775034058244,54.0224396605834,53.97589863648061
4.5639999999999405,0.0023360531649164627,-0.1682390057095844,54.000841043253835,53.98651422305222,53.99475272764732,54.01789200604663
4.583999999999938,0.0009217240983463767,-0.2510339647813931,54.013789068007206,53.98406307119729,53.983647673346574,54.01850018744893
4.603999999999936,-0.004371621084187635,0.2741247439659133,53.99340846388593,54.019153973813715,54.0132007197636,53.974236842536754
4.623999999999934,-0.0007168559396225943,0.13529701822215381,53.99043988499697,54.01219164783638,54.00643879639099,53.990929670775664
4.643999999999932,0.0030407067846228756,-0.33127459237123924,54.011917238322134,53.97562191170555,53.98415639402658,54.02830445594574
4.6639999999999295,-0.0021932497934466872,0.004451835857736057,54.002523469624194,53.99436591474715,54.00397292784889,53.999137687779765
4.683999999999927,-0.0037354896382597036,0.3293432674795137,53.98488111941352,54.02746038818632,54.01345762517763,53.97420086722253
4.703999999999925,0.0021558163125902866,-0.14349085539210962,54.00706401882892,53.9965217604066,53.98786683800538,54.0085473827591
4.723999999999923,0.001218349346853257,-0.268840776177815,54.01407514016892,53.973721639860564,53.99194385319094,54.02025936677958
4.743999999999921,-0.004270871245884076,0.256892607444929,53.98287038274967,54.01307465020129,54.0170216341548,53.98703333289424
4.7639999999999185,-0.001010457608372511,0.16037726316398643,53.99224559675184,54.01980192730046,54.00182695253301,53.986125523414685
4.783999999999916,0.0031092382862628496,-0.32462534383391756,54.02447555641933,53.98004323977102,53.98072820682667,54.01475299698298
4.803999999999914,-0.0018833683994836112,-0.023433182208498736,53.99732828217446,53.99079835487557,54.00412304182368,54.00775032112629
4.823999999999912,-0.003889787001488598,0.33446316311361535,53.97360218721726,54.021422494427206,54.019944691843314,53.98503062651222
4.84399999999991,0.0019558507868938165,-0.1177650537037177,54.01408104048782,53.997601192638676,53.99001541858444,53.998302348289066
4.8639999999999075,0.0015016215750041774,-0.28481572236920705,54.022250013604534,53.98317505754444,53.98067913939572,54.013895789455304
4.883999999999905,-0.00414607786667536,0.23791001706158743,53.97713865935508,54.01138811641833,54.016244688051046,53.995228536175546
4.903999999999903,-0.001302228533390671,0.18436472023415132,53.98620653306459,54.007927253094394,54.016552691959845,53.98931352188117
4.923999999999901,0.0031515467265023954,-0.3157640920960447,54.02672923471606,53.9845185704404,53.97751332924709,54.011238865596454
4.943999999999899,-0.0015656574777880774,-0.05115859652710055,54.00417590949294,54.0021233350721,53.98941522242394,54.004285533011014
4.9639999999998965,-0.004022538319775065,0.3373038598837482,53.974363735500134,54.014631098806575,54.02690337403634,53.984101791656954
4.983999999999894,0.0017376505031968367,-0.09123703860546789,54.00383324087902,53.98944438078556,54.00148460411566,54.005237774219765
5.003999999999892,0.0017698057075726584,-0.2988502346970076,54.02130810687315,53.989438705809775,53.97285046397231,54.01640272334477
5.02399999999989,-0.0039978441448226265,0.21730595322591956,53.99092949957753,54.01620664314959,54.00877435427476,53.98408950299812
5.043999999999888,-0.001589904326263308,0.2070955666743106,53.98422926068073,54.0052987773061,54.02186538765111,53.98860657436206
5.0639999999998855,0.0031676200683403493,-0.3047515140246012,54.01198201868925,53.98047923429654,53.98307179944548,54.024466947568726
5.083999999999883,-0.0012420349575101115,-0.07853564234500833,54.010063029096344,54.00011918525912,53.9880941622623,54.00172362338223
5.103999999999881,-0.004132644589278838,0.3378460170734948,53.98652072864597,54.02141007614081,54.020008649102735,53.972060546110484
5.123999999999879,0.001502832000012394,-0.06408738633804376,53.996023345579054,53.99409987865776,54.00020328429421,54.00967349146898
5.143999999999877,0.002021140676679011,-0.31084836290714757,54.0137111586587,53.97797834341693,53.983002765597696,54.025307732326674
5.1639999999998745,-0.0038271625656548297,0.19522119701101837,53.99699800080831,54.01255934437682,54.009599633844296,53.980843020970575
5.183999999999872,-0.0018715312021872696,0.22841528356379448,53.98831320295495,54.02036531587273,54.0092979814988,53.982023499673524
5.20399999999987,0.0031573480847008595,-0.2916623715018982,54.010456688167395,53.98032017461199,53.98499836351627,54.02422477370435
5.223999999999868,-0.0009146725226982127,-0.10537764289287291,54.00614703524035,53.98481989739832,54.00014855233088,54.00888451503045
5.243999999999866,-0.00421926678093835,0.33608589319344284,53.98349246929541,54.025383428561526,54.0156373073667,53.97548679477636
5.2639999999998635,0.0012531486452951994,-0.03650130764608674,54.00305497324701,54.00631988498838,53.9913962505622,53.999228891202414
5.283999999999861,0.0022541272823245013,-0.3207286826121254,54.01859318987377,53.97289189415824,53.9870469976788,54.02146791828919
5.303999999999859,-0.003634939833048925,0.17180585503547718,53.985904535348105,54.004393286875846,54.01479264310591,53.994909534670136
5.323999999999857,-0.002144917343253128,0.24817825060362242,53.98497021080614,54.02317169989702,54.00878856660766,53.98306952268918
5.343999999999855,0.003121060013757173,-0.2765860945420011,54.0236807946174,53.986334910125684,53.98098742179226,54.00899687346466
5.363999999999852,-0.0005855823984670429,-0.13150177746640196,54.006321585666875,53.98592211799916,53.99590383732042,54.01185245901355
5.38399999999985,-0.004281655721014574,0.33203557675055345,53.97137974666046,54.018306391900765,54.0220368269307,53.98827703450807
5.403999999999848,0.0009903949181771868,-0.008666522686599,54.00482464430162,54.00253509092606,53.99860957899499,53.99403068577733
5.423999999999846,0.002467212718228459,-0.32842351165190875,54.02752817819922,53.98306909702963,53.9761005627292,54.01330216204195
5.443999999999844,-0.0034224895986525936,0.14721986805653786,53.9852049481714,54.00784328974807,54.00823886936975,53.998712892710785
5.463999999999841,-0.0024082145589665975,0.2662501394888315,53.9785517532121,54.010583757300324,54.02345570948697,53.98740878000061
5.483999999999839,0.0030590075741039066,-0.25962519721984484,54.02090679322358,53.985627214314896,53.98392158137049,54.009544411091035
5.503999999999837,-0.00025695770186580044,-0.1567299848728533,54.01307390918285,53.998042222028516,53.98076507106187,54.008118797726766
5.523999999999835,-0.004319275892367106,0.3257225417289925,53.97748557675344,54.016408353104765,54.02298243121166,53.98312363893014
5.543999999999833,0.0007165359659648664,0.019227028113348883,53.99492040887365,53.99372878819367,54.010836588858275,54.00051421407441
5.56399999999983,0.0026591735927320795,-0.33388078027367823,54.02078544342921,53.98488417184928,53.9737944407749,54.020535943946605
5.583999999999828,-0.0031909990724774922,0.12163039055865393,53.99880134491789,54.01276785473663,54.00010091239627,53.98832988794921
5.603999999999826,-0.002659365263241241,0.2825075005031471,53.98262578754716,54.01214998086997,54.02373670610731,53.981487525475565
5.623999999999824,0.0029718506311967197,-0.2408954252819904,54.00593614640954,53.98229392630596,53.989688801869846,54.02208112541466
5.643999999999822,0.00006914883580734174,-0.18089036180877685,54.013118364270284,53.99165330205538,53.984279720055326,54.01094861361901
5.663999999999819,-0.004331748470328019,0.31718997532351,53.99019736896577,54.02175642260946,54.01641351159236,53.971632696832415
5.683999999999817,0.00043349622594059437,0.046989584693424756,53.99232453365028,54.0033639927963,54.004590986903544,53.99972048664987
5.703999999999815,0.0028287095036711586,-0.33706292158268303,54.01272568709458,53.975154921325135,53.983314219756814,54.02880517182347
5.723999999999813,-0.0029420647518564437,0.0952121646651383,54.00038299438254,54.00346247504255,54.00610522348945,53.990049307085464
5.743999999999811,-0.00289667450614908,0.2968398454801506,53.98657870553512,54.02568891680406,54.01180046517348,53.97593191248734
5.763999999999808,0.0028601982444172373,-0.2205242588575217,54.00846158662985,53.98816520926779,53.98644236195736,54.016930842145
5.783999999999806,0.0003905839476333302,-0.20381830824207187,54.010190762416464,53.9774121068101,53.99581062691653,54.01658650385691
5.803999999999804,-0.004318855305872359,0.3064958213324909,53.98307064280829,54.019825859708085,54.01686311169191,53.98024038579171
5.823999999999802,0.00014339873183799178,0.07443164944184841,53.99763622540591,54.01487261010419,53.99641773638636,53.99107342810353
5.8439999999998,0.0029749047519088407,-0.3379486311844016,54.02211005655216,53.97547496695238,53.98306765988145,54.01934731661401
5.863999999999797,-0.002677123874971252,0.06814485079734384,53.99134456333517,53.99605393887857,54.01014746095593,54.002454036830336
5.883999999999795,-0.0031182766886472604,0.3091492591402923,53.97831572265782,54.023614665696535,54.01522192676966,53.982847684875985
5.903999999999793,0.002725021493181659,-0.19865060735717285,54.019667007902314,53.993009000051615,53.98439641728737,54.0029275747587
5.923999999999791,0.0007053094870317618,-0.225357515416779,54.01541458844213,53.98314295815891,53.98755193750344,54.013890515895525
5.943999999999789,-0.004280597868189987,0.29371318805406993,53.97284735171651,54.014421372478324,54.02053663606402,53.99219463974114
5.963999999999786,-0.0001517529940321216,0.10136658065216494,53.99456255857135,54.00639029475399,54.008158493805105,53.99088865286955
5.983999999999784,0.0030967489263670485,-0.3365314858846359,54.029072024710615,53.98369613486919,53.975202481804615,54.01202935861558
6.003999999999782,-0.0023980098244485186,0.0406132319637333,53.995173679912966,54.00436493477642,53.99842792100628,54.00203346430433
6.02399999999978,-0.003322673669492915,0.3193520954051112,53.97426053595944,54.01295377533699,54.02696539918772,53.98582028951585
6.0439999999997776,0.002567272350851834,-0.17542345067653692,54.01247751366827,53.98749217415613,53.992865045562596,54.007165266613
6.063999999999775,0.0010112718294211847,-0.24536132285021928,54.019298147596665,53.993486600323656,53.97488012829739,54.012335123782286
6.083999999999773,-0.0042170812783740835,0.27892891584288376,53.983597796038616,54.016924627953664,54.016064187495694,53.98341338851203
6.103999999999771,-0.00044973668894151913,0.12761048519195317,53.987819131935055,53.999416451605114,54.018291610552694,53.99447280590714
6.123999999999769,0.003193657447669371,-0.3328215203001672,54.01726686078753,53.981719849478694,53.97781478781374,54.023198501920035
6.1439999999997665,-0.0021063726449606877,0.012804591539247437,54.005738696540966,54.0069869738792,53.992378274002526,53.99489605557731
6.163999999999764,-0.003508244463499546,0.32737864197002453,53.983654684852254,54.01784846031089,54.02288125928135,53.97561559555551
6.183999999999762,0.0023882055076983326,-0.15100108028946682,54.00007528858637,53.98725712115126,53.99618573112406,54.01648185913831
6.20399999999976,0.0013065027540128263,-0.2636932707529604,54.01421661446351,53.98379311484936,53.98246099162776,54.01952927905937
6.223999999999758,-0.004128686402842955,0.26224404084532554,53.99419536527609,54.01839590441262,54.0123989356243,53.97500979468699
6.2439999999997555,-0.0007485225837949743,0.15298491274332673,53.98968924059197,54.01278572437383,54.00796095918511,53.98956407584909
6.263999999999753,0.003264939783275267,-0.32684363564700186,54.0112412377627,53.97626297014924,53.984183433082954,54.028312359005106
6.283999999999751,-0.0018042299821307188,-0.015091280068546596,54.003692542214104,53.99335197993427,54.00258999501336,54.00036548283827
6.303999999999749,-0.0036737260853940126,0.333174366945524,53.98514541248583,54.02723692114463,54.01402581198416,53.97359185438538
6.323999999999747,0.0021890915335362297,-0.12554992309889676,54.005609656180624,53.9978224716903,53.98881882587136,54.007749046257715
6.3439999999997445,0.0015891048093566007,-0.2802286267166542,54.01449834882855,53.97325160980628,53.99111980101766,54.0211302403475
6.363999999999742,-0.0040158390239739454,0.24377194126513643,53.98422226505569,54.01187453471553,54.01651646446673,53.987386735762044
6.38399999999974,-0.0010458508432125617,0.17731658388225902,53.99110057363224,54.0209995281311,54.0026443743821,53.98525552385456
6.403999999999738,0.00331035647101901,-0.3186389262939809,54.02368987048495,53.98067909947299,53.98094855477574,54.01468247526632
6.423999999999736,-0.0014934017685413606,-0.042884566995367614,53.99889331588115,53.98917489691536,54.00337142654952,54.00856036065397
6.4439999999997335,-0.0038177877186158773,0.3366996609048282,53.97353502433043,54.021637153817366,54.01987740561337,53.98495041623883
6.463999999999731,0.001971433869928274,-0.09924334545253677,54.0126069198273,53.99913933069903,53.99079142799119,53.99746232148248
6.483999999999729,0.0018572333908373228,-0.2948544952779701,54.023106042855375,53.98217391306177,53.98055757655777,54.01416246752508
6.503999999999727,-0.0038792878363394546,0.22363882751561556,53.978056486634124,54.0104006069128,54.01539310282006,53.99614980363301
6.523999999999725,-0.0013397184896898724,0.20044008921128195,53.98493181410163,54.00934432461125,54.01703569968318,53.988688161603946
6.5439999999997225,0.003329558274404169,-0.3082629465993025,54.026554673052125,53.98476820945911,53.978302178974666,54.0103749385141
6.56399999999972,-0.0011760325330427298,-0.07038564031914009,54.00540628561753,54.000753413225404,53.988448055740385,54.00539224541668
6.583999999999718,-0.003939433877429484,0.33793058768111683,53.97392851444761,54.01498579170895,54.02649771071219,53.98458798313125
6.603999999999716,0.0017367884353386017,-0.07226069259043776,54.00295132081809,53.99046266656129,54.00282615275744,54.00375985986317
6.623999999999714,0.0021091991360814165,-0.3074714633110747,54.02204549079052,53.9887870149108,53.97255847931382,54.016609014984866
6.6439999999997115,-0.0037197685775109605,0.2019815357694578,53.9914216727452,54.015581319629426,54.00743931064397,53.98555769698141
6.663999999999709,-0.0016278912557105949,0.2221974843147153,53.98343729997678,54.00599984085449,54.02293651666984,53.98762634249889
6.683999999999707,0.0033226555084308984,-0.2957867266449706,54.011741250242515,53.9808495747859,53.983915154933236,54.02349402003835
6.703999999999705,-0.000854064319630981,-0.0974073124441176,54.010853739981464,53.99942427609553,53.98650589381075,54.003216090112254
6.723999999999703,-0.004037661466699916,0.3368587204318083,53.98662374636118,54.02118109210874,54.01998866700047,53.97220649452961
6.7439999999997005,0.0014868660740186878,-0.04478568907919929,53.99514123637818,53.99488125995992,54.00181134497067,54.00816615869123
6.763999999999698,0.0023433320153770044,-0.3179932750494951,54.01379752656824,53.97801398739806,53.98220890939318,54.02597957664052
6.783999999999696,-0.003538375659466985,0.17894801085894194,53.998025931333565,54.01163675757912,54.00845394168265,53.98188336940466
6.803999999999694,-0.0019084451789769914,0.2424408952704303,53.98784235227292,54.02071812993859,54.01057740167258,53.980862116115915
6.823999999999692,0.0032896522609218337,-0.2812949676544151,54.00942252919212,53.98124437140541,53.98545480534989,54.02387829405258
6.843999999999689,-0.0005297077379078426,-0.12376527951533119,54.007154774237364,53.98392588778506,53.998828859560135,54.01009047841744
6.863999999999687,-0.004111767767762914,0.3334913684343151,53.9841951318342,54.024795028099035,54.015780449585534,53.97522939048123
6.883999999999685,0.0012234664325971503,-0.017005717088532747,54.00159111822438,54.00767433146012,53.99244457879669,53.9982899715188
6.903999999999683,0.0025581963498686527,-0.3263485373274785,54.01857338401157,53.97279315378052,53.98657816165201,54.0220553005559
6.923999999999681,-0.003336135901520922,0.15469482944214985,53.98745575235135,54.00294684314876,54.014076994007155,53.99552041049273
6.943999999999678,-0.0021792340595816265,0.2610320161873058,53.984175874303766,54.024088539667865,54.009352883700124,53.982382702328245
6.963999999999676,0.003231003599059367,-0.264886697456758,54.02254268544186,53.98737288560277,53.981487621493926,54.008596807461444
6.983999999999674,-0.0002049758430661703,-0.14928007187180736,54.00771215898251,53.98440511525886,53.99529169777873,54.0125910279799
7.003999999999672,-0.004161105545477092,0.3278515174936893,53.971730799772615,54.01805053476971,54.02165416799133,53.98856449746634
7.02399999999967,0.0009484613958769099,0.010890137279040743,54.00331409640921,54.00417565748083,53.99936874793221,53.99314149817775
7.043999999999667,0.002752343202328839,-0.3324799856456236,54.02800838495839,53.98249862317072,53.97629796513382,54.01319502673707
7.063999999999665,-0.0031144577561930467,0.12938763959060665,53.98634304057756,54.006571632306766,54.00726935576004,53.99981597135564
7.083999999999663,-0.0024384627471525358,0.27784452623382033,53.97752294390262,54.01169762129988,54.023661836926856,53.98711759787064
7.103999999999661,0.003147069474849655,-0.24667346466135825,54.020401933333765,53.98626883801915,53.9849651941497,54.00836403449738
7.123999999999659,0.0001179169099182044,-0.1737777284796512,54.01422865958901,53.99680760519006,53.979969620531804,54.00899411468913
7.143999999999656,-0.00418528276224757,0.31997752366693394,53.977405421491945,54.016348597975416,54.02221477023648,53.98403121029616
7.163999999999654,0.0006638456872552323,0.038711556402688814,53.9939522675158,53.994771339432724,54.012174388391195,53.99910200466028
7.183999999999652,0.0029246290144590457,-0.33634618470313377,54.02120972982499,53.984602585126154,53.97390000833941,54.020287676709444
7.20399999999965,-0.00287463275685288,0.10319850398724201,53.99950664989073,54.01199355675368,53.998570236239146,53.98992955711644
7.223999999999648,-0.0026841335748840696,0.2927635275165531,53.98206806475106,54.01256227648351,54.024474244218084,53.98089541454735
7.243999999999645,0.0030386354624809004,-0.22677959560624344,54.005392735876114,53.98290066180438,53.990902881809276,54.02080372051023
7.263999999999643,0.0004369399737866983,-0.1970913789625589,54.0137725365185,53.99114692108897,53.982868941702066,54.01221160069046
7.283999999999641,-0.004184026177372139,0.3099231592292273,53.99066379211707,54.02123228879588,54.0159269674702,53.97217695161685
7.303999999999639,0.0003716017364774403,0.0662692345875161,53.991464040401084,54.00407440307103,54.00622532372529,53.9982362328026
7.323999999999637,0.0030738669300278834,-0.3379204245430125,54.012417812652316,53.975514661473454,53.982976714202636,54.029090811671594
7.343999999999634,-0.0026183427033865756,0.07630626031953362,54.001526067541356,54.002471410223016,54.00474322082281,53.99125930141282
7.363999999999632,-0.0029146264953564217,0.3056876835593161,53.98648653233722,54.02573500333448,54.01272622470143,53.97505223962687
7.38399999999963,0.0029064098751650355,-0.20534045495499414,54.00716369728727,53.9893092483137,53.98724231639619,54.01628473800284
7.403999999999628,0.0007499370932120635,-0.2190621399547856,54.010903676248105,53.97673929212149,53.99469226065732,54.017664770973084
7.423999999999626,-0.004157264143953402,0.29775678439982867,53.98416510124905,54.01888672675854,54.0166151982377,53.98033297375471
7.443999999999623,0.00007386485933437588,0.09337510088352485,53.99631127145395,54.01616337370277,53.99742014475471,53.99010521008857
7.463999999999621,0.003199235359154309,-0.33719234936382586,54.02163692140063,53.975791394436726,53.98297157362492,54.01960011053772
7.483999999999619,-0.0023471104988757796,0.048893781915209655,53.992957168986486,53.994469427928486,54.00934684777943,54.003226555305595
7.503999999999617,-0.0031281486155596712,0.3165286360710899,53.977936437477204,54.02415167322109,54.015472156812315,53.98243973248939
7.5239999999996146,0.002751485691755273,-0.1825022812720229,54.018278476413194,53.994375439123495,53.985083903630375,54.002262180832936
7.543999999999612,0.0010549143379387463,-0.23954027967101432,54.016527702079166,53.981871206160925,53.98717069199595,54.01443039976396
7.56399999999961,-0.004105104899059083,0.2835614931514079,53.97356881498775,54.013715832210615,54.01988685023306,53.99282850256858
7.583999999999608,-0.00022732480024337536,0.11984477646037262,53.993132402351584,54.007979635981265,54.00879512481087,53.990092836856284
7.603999999999606,0.0032998437167401475,-0.33416653655348866,54.02916395235491,53.98359434261887,53.97572122304197,54.01152048198425
7.6239999999996035,-0.002062843195160978,0.021148224016794774,53.99642852012176,54.00295046392062,53.99744146749264,54.00317954846498
7.643999999999601,-0.0033232965450297708,0.3252127853511532,53.973542993497624,54.013674974386525,54.02684147039523,53.98594056172062
7.663999999999599,0.002574902575501653,-0.15842057525730602,54.011710030520746,53.988419362288866,53.994087725596145,54.00578288159424
7.683999999999597,0.0013498337183522138,-0.25838631613061314,54.020276146810886,53.99251102266136,53.97435216204872,54.012860668479036
7.703999999999595,-0.004027798884489504,0.2674337924342059,53.9838540429947,54.01650870270253,54.01496574828183,53.98467150602094
7.7239999999995925,-0.0005297501337264443,0.14549755938297565,53.986880100326275,54.00034685188109,54.01950481992394,53.9932682278687
7.74399999999959,0.003375213343834514,-0.328863985713783,54.017344352178036,53.98180163804394,53.97834371840626,54.022510291371766
7.763999999999588,-0.0017672555627584847,-0.006741699556765877,54.0065484008499,54.006191963123776,53.99077292208627,53.99648671394005
7.783999999999586,-0.003498533013617737,0.3316807218230579,53.9834125632916,54.01793180161025,54.02320115176368,53.97545448333447
7.803999999999584,0.002378029669294941,-0.13325950584882001,53.9993136623874,53.987997879501144,53.99767613428934,54.01501232382211
7.8239999999995815,0.0016327916648559784,-0.2754717307481536,54.014615268793705,53.98355237316575,53.98135788796799,54.02047447007256
7.843999999999579,-0.003925832427976699,0.24948383367142782,53.994978846259734,54.017639302519775,54.01149245399656,53.97588939722393
7.863999999999577,-0.0008313674863882421,0.17015900959525837,53.98899256410096,54.01332545865706,54.00946786689622,53.98821411034576
7.883999999999575,0.0034247763009432027,-0.3213204428999113,54.010537724324124,53.97693350318224,53.984313230978074,54.028215541515564
7.903999999999573,-0.0014624253817451045,-0.0345856143973001,54.00480363321659,53.99239649966112,54.00116203502875,54.00163783209354
7.9239999999995705,-0.0036527070242197085,0.3358885806300211,53.98548474430805,54.026936494895395,54.014532693639026,53.973046067157526
7.943999999999568,0.0021622114279213436,-0.10719048042317025,54.004178547944626,53.99909940468131,53.98983915089695,54.006882896477116
7.963999999999566,0.0019019247789288474,-0.2906802369678792,54.01481691469177,53.972888145762845,53.99030828156496,54.02198665798043
7.983999999999564,-0.003799771275824625,0.22983364812612775,53.98561604342424,54.01063314386355,54.01595739054495,53.987793422167265
