time_s,target_deg_s,actual_deg_s,P,I,D,PID_sum,outer_rate_deg_s,measured_rate_deg_s,m1_command_pct,m2_command_pct,m3_command_pct,m4_command_pct,m1_rpm,m2_rpm,m3_rpm,m4_rpm,upward_N,z_cm
0.004,0,0.1049178087671193,-0.05748089112782892,-0.000045984712902263134,0,-0.057526875840731184,0,0.1049178087671193,54.00522851038617,53.998761420467524,53.99525578444504,54.000754284701266,145.71512368041667,145.6976743920174,145.68821560069875,145.7030514724651,0.012928257364680108,0
0.06400000000000003,0,1.6371204691605727,-1.0499812578955152,-0.005277342913855675,-0.5860178673660711,-1.641276468175442,0,1.6371204691605727,54.091786248923114,53.91906798898101,53.910239258328744,54.07890650376713,1838.3192056663931,1835.6960795896675,1835.8244615573612,1838.4094594968133,2.0552402859765118,0
0.12400000000000008,0,2.929582959315884,-2.2394556135376935,-0.025236495965564102,-0.6753713748676988,-2.9400634843709565,0,2.929582959315884,54.15124373526305,53.84202188133678,53.85221151628865,54.154522867111524,2867.599762159261,2858.1004033058935,2858.277599081519,2867.7213464837782,4.99152561254381,0
0.18400000000000014,0,3.7782234263025107,-3.101383751775785,-0.05830638104725878,-0.47282305154481086,-3.6325131843678546,0,3.7782234263025107,54.18638703074997,53.80391487091916,53.81830375790659,54.19139434042428,3493.7667103983094,3476.547450352445,3476.5471272026834,3493.706000884711,7.396863982332765,0
0.2440000000000002,0,4.144492708938234,-3.5709978628059447,-0.09972502562691127,-0.21460744302502202,-3.8853303314578778,0,4.144492708938234,54.20924013751952,53.79950362991453,53.79642201561385,54.194834216952096,3874.4277744914634,3850.753608516011,3850.671255828497,3874.289507825658,9.08524114375069,0
0.3040000000000002,48,4.172943096981063,39.4922665861656,-0.10986662084051398,-0.02351892191250553,39.35888104341258,48,4.172943096981063,51.961287739703295,56.04829634653305,56.04502728198186,51.945388631781796,4099.304016687721,4083.5327775950473,4083.591125255092,4099.317661525054,10.193309650563837,0
0.36400000000000027,48,9.315914830283424,36.92047450738903,0.3535330945310334,-1.620820938797333,35.65318666312273,48,9.315914830283424,52.144768543542696,55.84608655798698,55.86184485497779,52.147300043492535,4171.109251021167,4289.358662256714,4289.448706738378,4171.170516149218,10.897565789523682,0
0.4240000000000003,48,19.82258091218889,28.90285220747672,0.7500291978277402,-4.335161072986152,25.31772033231831,48,19.82258091218889,52.682717980563524,55.30922018602912,55.32382272853198,52.684239104875374,4228.013636169899,4401.027771741015,4400.950723262126,4227.926684774633,11.332882373679912,0.015131650105286805
0.4840000000000004,48,31.443954351750246,18.6404983090379,1.0325186803233162,-5.58081571171426,14.092201277646955,48,31.443954351750246,53.27541009403944,54.73489781623831,54.73069111663697,53.259000973085286,4281.290472968455,4449.917660512209,4449.813150573706,4281.196272843708,11.586236671374614,0.10236161634418718
0.5440000000000004,48,41.37037881410917,9.105607105908266,1.1937077750122436,-5.245721412756762,5.053593468163747,48,41.37037881410917,53.743333694831875,54.26358751454545,54.261986206143575,53.7310925844791,4330.650208651391,4462.345801151491,4462.400097978954,4330.734899243356,11.711205194877682,0.25678413430159874
0.6040000000000004,48,48.36128442165467,1.8694848146442333,1.2535274826746947,-3.9995092052115746,-0.8764969078926468,48,48.36128442165467,54.042115418983755,53.946719264666356,53.96212505691281,54.04904025943708,4373.077091592245,4457.489726446186,4457.542553960005,4373.178941679625,11.738369238595281,0.4330892684820626
0.6640000000000005,48,52.34208042742055,-2.6819345989665506,1.2433778133067888,-2.516292178339123,-3.954848963998885,48,52.34208042742055,54.20424735688735,53.790019582339625,53.7986761254045,54.20705693536853,4406.174185261215,4447.346709148498,4447.230067603204,4406.12256245153,11.686270416774693,0.5839450828402953
0.7240000000000005,48,53.89419166654501,-4.882417437691162,1.194520517787339,-1.2337901939084306,-4.921687113812253,48,53.89419166654501,54.26251270435646,53.74921424608785,53.73893029407568,54.24934275548001,4429.176867981051,4438.152064838641,4438.045609960457,4429.147809655703,11.568789197984355,0.6757478939455096
0.7840000000000006,48,53.830725037670824,-5.369320068334708,1.1316664028493424,-0.3283321608738764,-4.565985826359242,48,53.830725037670824,54.239523421715056,53.76477860753558,53.760358866523056,54.235339104226306,4443.111741229992,4432.439613386081,4432.491663873585,4443.249195815976,11.398049181384499,0.6918572019448946
0.8440000000000006,48,52.91876344439568,-4.813860675775508,1.0708574223926939,0.21023043090470994,-3.532772822478104,48,52.91876344439568,54.17673263698862,53.81099527291181,53.82159635355046,54.19067573654911,4450.117618114851,4430.55370114556,4430.5699271262865,4450.222403302102,11.184500409167256,0.6298842933366283
0.9040000000000007,0,48.2591950480604,-45.55722092180024,0.6098736685564228,1.4952430374614871,-43.45210421578233,0,48.2591950480604,56.25649005501341,51.740601200755655,51.74037996080299,56.262528783427946,4512.426028663641,4371.4888722368005,4371.347106029336,4512.370930172198,10.944734473960454,0.497011594653172
0.9640000000000007,0,36.94438635059278,-37.14413590837101,0.11199819028916315,4.515804808786377,-32.51633290929547,0,36.94438635059278,55.694944823275115,52.317658885519855,52.300642491913415,55.686753799291616,4548.783568685944,4336.950641010843,4336.863916891883,4548.776672477977,10.72053831300702,0.3081082622473072
1.0240000000000007,0,23.978011502100372,-25.754683899921055,-0.26239009266571406,6.141482220222635,-19.875591772364135,0,23.978011502100372,55.03153749859321,52.96992335828783,52.963015097386304,55.03552404573266,4550.120981952238,4336.596063347456,4336.666986956856,4550.260320816084,10.546773139994526,0.08708679501902522
1.0840000000000007,0,12.7218404825024,-14.958050134674503,-0.501337112818227,5.947440330841664,-9.511946916651066,0,12.7218404825024,54.485152253010405,53.50208544853158,53.50867207213671,54.5040902263213,4531.713316077018,4355.762013630838,4355.770601847233,4531.774975606048,10.437063267737896,0
1.1440000000000008,0,4.676372125220745,-6.6806420172721985,-0.6252505740580355,4.633426665386356,-2.672465925943878,0,4.676372125220745,54.13570047475036,53.86432082534265,53.857742718359184,54.142235981547806,4506.426109455169,4381.611107177018,4381.484470655448,4506.334142132931,10.38461000216983,0
1.2040000000000008,0,-0.01274835310079428,-1.4254071242488504,-0.6684421169372049,2.9616092154367744,0.8677599742507192,0,-0.01274835310079428,53.95797537673883,54.054792127374725,54.03545490994735,53.9517775859391,4482.567438696357,4405.63658995078,4405.606557007727,4482.551649714524,10.371733287506181,0
1.264000000000001,0,-1.9608118848937952,1.1792347071410891,-0.665725897820522,1.4643991287995688,1.9779079381201359,0,-1.9608118848937952,53.89329736473984,54.10521331524282,54.100489110321675,53.90100020969567,4464.431158499834,4423.792053736988,4423.907063003882,4464.539110862905,10.379460655635338,0
1.324000000000001,0,-2.06105760591326,1.871503463537705,-0.6450328610395645,0.39741052419244427,1.623881126690585,0,-2.06105760591326,53.906507485219954,54.0808993021918,54.08798433498402,53.92460887760422,4453.2174218365035,4435.20077581574,4435.2244350474375,4453.2130497413855,10.393043599503564,0
1.384000000000001,0,-1.1688631403868441,1.4119921798996293,-0.6248419268386216,-0.2123354025707952,0.5748148504902125,0,-1.1688631403868441,53.969334385695475,54.03360849505579,54.02617224939519,53.97088486985355,4447.982342728056,4440.614885126156,4440.5257442465445,4447.845704780768,10.403506782174176,0
1.444000000000001,0,0.05788038644330128,0.41701039636822756,-0.6147429257425192,-0.4727092594219344,-0.6704417887962261,0,0.05788038644330128,54.039376670085865,53.97287678999201,53.957397263973185,54.03034927594894,4446.9120496161895,4441.603359709538,4441.638735110383,4446.883067037932,10.406875019981038,0
1.5040000000000011,0,1.2020069984948845,-0.679760164451173,-0.6175931136769259,-0.5255586469584339,-1.8229119250865329,0,1.2020069984948845,54.09172416657044,53.90391874578082,53.90649841401018,54.09785867363856,4448.328724000772,4440.098240760202,4440.249497803331,4448.402317241347,10.402583228341815,0
1.5640000000000012,0,2.0597911271083906,-1.6069281998265756,-0.6321040709747345,-0.4760135241750771,-2.7150457949763873,0,2.0597911271083906,54.1351923827309,53.85305635202847,53.86457888529399,54.147172379946646,4450.857754338278,4437.710448198301,4437.737573849668,4450.798215887001,10.391933986522828,0
1.6240000000000012,0,2.58234305216041,-2.227814400245931,-0.6551125949288074,-0.3731190360869581,-3.256046031261697,0,2.58234305216041,54.17283725269706,53.83287540355922,53.82849580918957,54.16579153455415,4453.361670939385,4435.308540524693,4435.243396142924,4453.20567680085,10.37693530486191,0
1.6840000000000013,0,2.8128776552125845,-2.5207808141543566,-0.6831716643973896,-0.23371724656050896,-3.437669725112255,0,2.8128776552125845,54.185715197796426,53.825377287917775,53.817105060670556,54.17180245361524,4455.225575211656,4433.309750931194,4433.38369579512,4455.209537618373,10.359562845575443,0
1.7440000000000013,0,2.8347947669317026,-2.5553624373653703,-0.7134095457682044,-0.07808922788803115,-3.3468612110216056,0,2.8347947669317026,54.17261560623419,53.82039264734409,53.831533786709656,54.17545795971206,4456.454796770489,4432.005082429807,4432.154350109156,4456.519955908824,10.341378284215715,0
1.8040000000000014,0,2.735929906399887,-2.4502553396730637,-0.7438151481816795,0.05496484216926844,-3.1391056456854747,0,2.735929906399887,54.16071392151584,53.82900103814516,53.84453197470355,54.16575306563545,4457.207157308471,4431.402990834691,4431.398418616236,4457.129030595323,10.323406367035123,0
1.8640000000000014,0,2.588407788657691,-2.31801771680252,-0.7731928229474949,0.12396887082853023,-2.9672416689214844,0,2.588407788657691,54.161410279330894,53.84676896404798,53.84463790238418,54.147182854236945,4457.480130854484,4431.192183884503,4431.119157127794,4457.34819505331,10.30617537673903,0
1.9240000000000015,0,2.4408092790025537,-2.220313012834021,-0.8009982859384072,0.11444004225264884,-2.906871256519779,0,2.4408092790025537,54.15908409701848,53.850258313890464,53.84742707543148,54.143230513659574,4457.359682584198,4431.157652658198,4431.231274515781,4457.392312416761,10.289839196583976,0
1.9840000000000015,0,2.318702517535904,-2.1576822860442104,-0.8271689686926408,0.05369603546276633,-2.9311552192740846,0,2.318702517535904,54.151096474191796,53.83964741895742,53.85551243823807,54.15374366861271,4457.130936068183,4431.343604511006,4431.450309339852,4457.216833606446,10.27431955406325,0
2.0440000000000014,0,2.229878372865713,-2.097028080190676,-0.8519676582312965,-0.005105704128138809,-2.9541014425501113,0,2.229878372865713,54.15264438127234,53.83908189752658,53.85369155244821,54.15458216875287,4456.93716759367,4431.698193528633,4431.633647429574,4456.87313675606,10.259429998505457,0
2.1040000000000014,0,2.171229207546943,-2.0143106557927224,-0.8758197011367388,-0.01949321252631844,-2.9096235694557797,0,2.171229207546943,54.15925985978707,53.850951507652624,53.84644764112397,54.14334099143633,4456.691984379133,4431.968164885885,4431.868337417987,4456.6139387101475,10.244964509644934,0
2.1640000000000015,0,2.1349684440862386,-1.9202605276605058,-0.8991448388964617,0.01327767624085039,-2.806127690316117,0,2.1349684440862386,54.151846233612474,53.855250105667,53.85291261454013,54.1399910461804,4456.431754491728,4432.065044617334,4432.118643043297,4456.527153121064,10.230748966705523,0
2.2240000000000015,0,2.1128505506323454,-1.8515483609599828,-0.9222244201387542,0.057606703067550925,-2.716166078031186,0,2.1128505506323454,54.137497528687256,53.851473005872826,53.866045722011926,54.14498374342799,4456.354017911761,4432.137037195106,4432.187607066337,4456.464036137812,10.216662340699958,0
2.2840000000000016,0,2.098130628730836,-1.8376035856640454,-0.9451545751831527,0.07030092441651034,-2.7124572364306876,0,2.098130628730836,54.13920054198992,53.85497604878118,53.86292839863003,54.14289501059886,4456.444443468357,4432.210744566662,4432.09006779021,4456.397504981245,10.202637276460152,0
2.3440000000000016,0,2.0858930500241577,-1.8722393888109394,-0.967898531343799,0.036189175782544006,-2.8039487443721947,0,2.0858930500241577,54.15195382075852,53.85974791389697,53.848641416688324,54.13965684865619,4456.479208958825,4432.162860336789,4432.050255290243,4456.450474126031,10.188649290088348,0
2.4040000000000017,0,2.0727420829603447,-1.914483871151616,-0.9903931695597642,-0.019752535960218174,-2.924629576671598,0,2.0727420829603447,54.153831747194864,53.85064207793567,53.84519644609049,54.15032972877898,4456.424576778617,4432.054917100669,4432.102195894479,4456.5611319289155,10.17470185942519,0
2.4640000000000017,0,2.0565965509365443,-1.9186270803917103,-1.0126332867356347,-0.0531604953749199,-2.984420862502265,0,2.0565965509365443,54.14783902902111,53.83994346509221,53.849676765207555,54.16254074067913,4456.435786414698,4432.07560872876,4432.090804217261,4456.540636286582,10.160812363396014,0
2.524000000000002,0,2.036738467643262,-1.869311353125719,-1.034679544819092,-0.03682778111582728,-2.9408186790606385,0,2.036738467643262,54.14946202210703,53.84747395785456,53.846680899523136,54.15638312051527,4456.497622103083,4432.172684573263,4432.0313073136995,4456.4412301151,10.147001591331088,0
2.584000000000002,0,2.013794614125823,-1.7930954697820707,-1.0565972693678634,0.016715816981844055,-2.8329769221680903,0,2.013794614125823,54.15109372670377,53.86147755843391,53.84389284166061,54.14353587320171,4456.474045599337,4432.146036864439,4432.059612651068,4456.46315412024,10.133287599121456,0
2.644000000000002,0,1.9893021027708002,-1.7368280436521484,-1.0783860947049968,0.06493687479516888,-2.7502772635619763,0,1.9893021027708002,54.14087722955034,53.8607367730215,53.85323439156805,54.14515160586011,4456.433740870957,4432.03323025495,4432.106771448956,4456.569109771687,10.119683356642557,0
2.704000000000002,0,1.9648775147826845,-1.730015592747851,-1.0999640372619337,0.0694772927428424,-2.760502337266942,0,1.9648775147826845,54.133951130455195,53.85329166009226,53.85961609683198,54.15314111262057,4456.523301344362,4432.011561373636,4432.025805630161,4456.582185885589,10.106196754070597,0
2.764000000000002,0,1.9414156654321113,-1.761383038139328,-1.1212221366083879,0.027093386101888942,-2.8555117886458268,0,1.9414156654321113,54.145107594885104,53.85475043661769,53.848276337363146,54.15186563113406,4456.636754783743,4432.043388944579,4431.922204391758,4456.540507258312,10.0928315967928,0
2.824000000000002,0,1.9188164765287778,-1.7884258639228539,-1.1421062298658413,-0.027723433096395307,-2.9582555268850905,0,1.9188164765287778,54.15700222161655,53.85577167872543,53.83656974647852,54.1506563531795,4456.595611573693,4431.999881263678,4431.9739040053,4456.573459229984,10.079588629533676,0
2.884000000000002,0,1.896393271696935,-1.7721383010695617,-1.162658999564439,-0.05060806235104863,-2.9854053629850497,0,1.896393271696935,54.1516357941735,53.84703285256987,53.84248498967969,54.15884636357694,4456.494798840739,4431.965179508124,4432.085384953815,4456.59749319107,10.066466435777736,0
2.944000000000002,0,1.873621972522471,-1.7087914061447909,-1.1829869441760121,-0.0231551772650202,-2.914933527585823,0,1.873621972522471,54.142766399731975,53.84461369039307,53.852233222738,54.160386687136956,4456.509639318889,4432.050624097844,4432.080725417763,4456.501867914657,10.053462275058408,0
3.0040000000000022,0,1.850647301346205,-1.6330591727551278,-1.2031776070170046,0.032247826714916605,-2.803988953057216,0,1.850647301346205,54.145280852485634,53.85750685715305,53.850878291728996,54.14633399863232,4456.567284485568,4432.116924171505,4432.032201717418,4456.426446529574,10.04057308506622,0
3.0640000000000023,0,1.8281712736355784,-1.5899913500656995,-1.2232329020956458,0.07057977855440704,-2.742644473606938,0,1.8281712736355784,54.14753402583188,53.864764778254546,53.850000196490335,54.13770099942324,4456.544467099774,4432.02515745051,4432.06256881829,4456.5106636294495,10.027796405326551,0
3.1240000000000023,0,1.8068485993623082,-1.5985420128412458,-1.2430717213917897,0.06064124188685191,-2.7809724923461836,0,1.8068485993623082,54.14203140679636,53.853762569991105,53.85701629080489,54.14718973240764,4456.538518498516,4431.9203796716065,4432.074071743245,4456.609887141642,10.015130941905166,0
3.1840000000000024,0,1.786705182354588,-1.6361906788328715,-1.262599305445301,0.010311778302527892,-2.8884782059756446,0,1.786705182354588,54.14460171187822,53.84358530693671,53.856012959641824,54.15580002154325,4456.63020240044,4431.956053426656,4431.985634629677,4456.570966632804,10.00257641751847,0
3.2440000000000024,0,1.7670676060002195,-1.6571182103297726,-1.2817871120334317,-0.03982304217803869,-2.978728364541243,0,1.7670676060002195,54.15875219512551,53.846817269990815,53.843394980096896,54.15103555478678,4456.665222399797,4432.017066366113,4431.951370903967,4456.509197440664,9.990132958853554,0
3.3040000000000025,0,1.747069384950734,-1.6292415695208449,-1.3006985957483825,-0.04931391914333359,-2.979254084412561,0,1.747069384950734,54.16228634455769,53.848884765026206,53.84127281019489,54.147556080221214,4456.554861064372,4431.988990284845,4432.059955359299,4456.539050414738,9.97780038653948,0
3.3640000000000025,0,1.7263267594998717,-1.5601458208509993,-1.3194401594573202,-0.010582329784246858,-2.8901683100925664,0,1.7263267594998717,54.149245669490824,53.843896774266824,53.855525721483545,54.15133183475881,4456.480327713725,4431.9834608042975,4432.130278522256,4456.548790090688,9.965577971561038,0
3.4240000000000026,0,1.7052357530823201,-1.490931005024634,-1.3380771033593906,0.044941403215783306,-2.7840667051682413,0,1.7052357530823201,54.14243976281052,53.84718093846737,53.86327612419513,54.14710317452698,4456.554831609181,4432.056630067375,4432.04936698233,4456.48202847676,9.953464705396089,0
3.4840000000000027,0,1.6846468957894443,-1.4629501243445446,-1.3565827004696094,0.07224422826560876,-2.7472885965485454,0,1.6846468957894443,54.150056633772564,53.85799901902496,53.85628296693399,54.13566138026849,4456.62140338201,4432.053084001417,4431.97454907141,4456.493820683645,9.941459877191347,0
3.5440000000000027,0,1.6651773082908954,-1.484348192172621,-1.3748616892504535,0.049148246992835896,-2.8100616344302387,0,1.6651773082908954,54.154152256218,53.855298357244635,53.852455232774616,54.13809415376275,4456.584033836013,4431.935508760881,4432.002296748865,4456.621017794445,9.929563362010478,0
3.6040000000000028,0,1.6467138236711767,-1.5234735130047417,-1.3928292248411698,-0.005746298383086542,-2.922049036228998,0,1.6467138236711767,54.15062617487659,53.84022852420493,53.85587837602725,54.15326692489123,4456.572598004475,4431.901793618979,4432.003275131052,4456.6651903867405,9.91777542335579,0
3.664000000000003,0,1.6285071822373605,-1.534490187675184,-1.4104814277392286,-0.04811142376669665,-2.9930830391811094,0,1.6285071822373605,54.154461128210194,53.83714389879123,53.85157546513393,54.15681950786465,4456.623906157191,4432.0106384660185,4431.941260378729,4456.567052139942,9.906096133478943,0
3.724000000000003,0,1.6097800498111636,-1.4944669367345664,-1.4279004479311292,-0.04375802415186194,-2.9661254088175575,0,1.6097800498111636,54.16191060139515,53.848203721646115,53.84331923583686,54.14656644112188,4456.589769808232,4432.071448847586,4431.965041306763,4456.516597179686,9.894524926747868,0
3.784000000000003,0,1.5903565294696147,-1.421932242401721,-1.445189937342375,0.0037014419209977145,-2.8634207378230987,0,1.5903565294696147,54.15457693921483,53.85265165243472,53.84955259083167,54.14321881751878,4456.478407375843,4432.019580219534,4432.066980764362,4456.57788878276,9.883060609289426,0
3.844000000000003,0,1.5708038038290235,-1.3618822932102177,-1.4623931281502183,0.05577648601804733,-2.7684989353423886,0,1.5708038038290235,54.139886750641764,53.849165396660254,53.86291071406414,54.14803713863384,4456.484875014478,4432.005269104587,4432.052551571163,4456.60016145241,9.871701876538953,0
3.904000000000003,0,1.551971567823359,-1.3493723330065144,-1.4794597890998942,0.07024267270743219,-2.7585894493989764,0,1.551971567823359,54.141118241987485,53.852916518021246,53.86019017924126,54.14577506075001,4456.60792936364,4432.046350092028,4431.923443420375,4456.56513426668,9.860447904290629,0
3.964000000000003,0,1.534302327132853,-1.381150829301359,-1.4962887867400367,0.03530675505742092,-2.8421328609839747,0,1.534302327132853,54.15348203265282,53.85815429362985,53.84626388882782,54.14209978488951,4456.64036964679,4432.002817288742,4431.887196413936,4456.612473793308,9.849298543293038,0
4.024,0,1.5174709396020885,-1.418288240857189,-1.5128118088083553,-0.020850949649689608,-2.951950999315234,0,1.5174709396020885,54.15491179375242,53.84971125237101,53.8432858437002,54.15209111017637,4456.563586429508,4431.916744714759,4431.962633844426,4456.699892154114,9.838253957411837,0
4.083999999999993,0,1.5006452212324677,-1.4176736121728128,-1.5290505050378416,-0.05287785601983525,-2.9996019732304893,0,1.5006452212324677,54.14826982408017,53.83956071015283,53.84848068463119,54.16368878113581,4456.547374154142,4431.962837527412,4431.980036903884,4456.652608557389,9.82731400399698,0
4.143999999999987,0,1.4831568740027496,-1.3668944754178507,-1.5451008111244813,-0.03494496369600761,-2.94694025023834,0,1.4831568740027496,54.14937430805862,53.84740675931479,53.846111454660424,54.15710747796617,4456.587574214943,4432.08204614517,4431.943496858858,4456.529739923866,9.816477859881344,0
4.20399999999998,0,1.4650399551768063,-1.294277972745969,-1.5610571404233227,0.018354241795191687,-2.8369808713741,0,1.4650399551768063,54.15103065667356,53.861510316147196,53.84344367322989,54.14401535394935,4456.5506966471785,4432.07065290183,4431.986297948219,4456.535209645619,9.80574417731286,0
4.263999999999974,0,1.447001214312938,-1.2459687447530063,-1.5769377831390767,0.06381164624968245,-2.7590948816424006,0,1.447001214312938,54.141245554547595,53.86052672077726,53.85252741153194,54.14570031314321,4456.502089465038,4431.9654201681415,4432.042760002381,4456.63258750729,9.795111686313886,0
4.323999999999967,0,1.4298462817437894,-1.2485904150205454,-1.5926718761145053,0.06456512744889799,-2.7766971636861526,0,1.4298462817437894,54.13472615075943,53.85252856374539,53.85869493123125,54.15405035426394,4456.586247679553,4431.947280508652,4431.967947214834,4456.641381739817,9.78457971398632,0
4.38399999999996,0,1.4138259438666887,-1.287702080261014,-1.6081584877126216,0.019924512564015423,-2.8759360554096203,0,1.4138259438666887,54.14611701921699,53.85358124270434,53.84732140753306,54.15298033054562,4456.697189118569,4431.982562520567,4431.867316746623,4456.595788757096,9.774148233604045,0
4.443999999999954,0,1.3984313780616922,-1.3194811051163735,-1.6233500115290533,-0.034070005962849106,-2.9769011226082758,0,1.3984313780616922,54.158100993716864,53.85467930082631,53.83572298242243,54.15149672303439,4456.655220669202,4431.941643069687,4431.919982839901,4456.626010564065,9.763817357749497,0
4.503999999999947,0,1.3828040263522086,-1.3061793994549529,-1.6382923934595703,-0.053808855420782266,-2.9982806483353057,0,1.3828040263522086,54.15260242716866,53.84622514417954,53.841953668393586,54.15921876025821,4456.5541355378855,4431.9060671152265,4432.031552261597,4456.651102228146,9.753586745829645,0
4.5639999999999405,0,1.3664285145694375,-1.246664687006445,-1.653089643913997,-0.023398641554682707,-2.9231529724751244,0,1.3664285145694375,54.14347845693026,53.843876802461644,53.852115288400945,54.16052945220715,4456.570579776206,4431.988276804146,4432.0247905342985,4456.559210028205,9.743455332160146,0
4.623999999999934,0,1.3495479198568008,-1.1773350818895554,-1.6678213496595864,0.032478118854497175,-2.8126783126946444,0,1.3495479198568008,54.14601438765739,53.85661716369239,53.85086429178736,54.14650415686286,4456.632092896776,4432.052043479142,4431.971614229012,4456.487106537924,9.733421671621837,0
4.683999999999927,0,1.3329653136913413,-1.1426669323661083,-1.6824799284973693,0.06853421025410672,-2.756612650609371,0,1.3329653136913413,54.14868400235344,53.86365755155405,53.849654732782575,54.138003713309935,4456.611832644123,4431.959196709694,4431.9983976457725,4456.573430143267,9.723484561506243,0
4.743999999999921,0,1.317392194050692,-1.1592263645318748,-1.6969783952703026,0.05552067346599235,-2.8006840863361853,0,1.317392194050692,54.143554118467,53.852390988703895,53.85633786631714,54.14771702651196,4456.604115497497,4431.854682495916,4432.010458581449,4456.673600567993,9.713643503070642,0
4.803999999999914,0,1.3028710691522594,-1.202263661269769,-1.7112223555606774,0.003892814112258368,-2.9095932027181877,0,1.3028710691522594,54.14608786563325,53.84203887039138,53.855363436525934,54.15650982744944,4456.691697634979,4431.893154574376,4431.924796962591,4456.633207970909,9.703898545277786,0
4.8639999999999075,0,1.2887393665782376,-1.2257372988682975,-1.7251879757110538,-0.04464944834402968,-2.9955747229233807,0,1.2887393665782376,54.15994705645969,53.845478131808925,53.842982097007045,54.15159271472434,4456.723665994414,4431.958874545999,4431.892217569431,4456.568099033012,9.69424972446227,0
4.923999999999901,0,1.2741638305340366,-1.199565705164055,-1.738942842154811,-0.05090197489662399,-2.98941052221549,0,1.2741638305340366,54.163194589314685,53.848053341891045,53.841047963798545,54.147704104995725,4456.611661301157,4431.933554335479,4432.001114007782,4456.596527498436,9.684696470803786,0
4.983999999999894,0,1.2588130295514406,-1.1339654363103722,-1.7525928322618078,-0.00987739676341124,-2.8964356653355914,0,1.2588130295514406,54.149912435338905,53.843365311206426,53.85540537959868,54.15131687385599,4456.536350498242,4431.927018622496,4432.070994153315,4456.608493868801,9.675237532970398,0
5.043999999999888,0,1.2431238511974383,-1.0711831935289018,-1.7661979847035727,0.04515948361436272,-2.792221694618112,0,1.2431238511974383,54.14300692137731,53.846521231423154,53.863087712336565,54.147384134862975,4456.611584213217,4431.998551392494,4431.988311975656,4456.5444095614885,9.665871419338167,0
5.103999999999881,0,1.2279463670530537,-1.0513115406112488,-1.779725440948756,0.06960700563871888,-2.761429975921286,0,1.2279463670530537,54.15082450147875,53.8571064019675,53.85570488053669,54.13636421601706,4456.679314670635,4431.995735004374,4431.911532830215,4456.556274637631,9.656597076753426,0
5.1639999999998745,0,1.2138544202530557,-1.0798476253394234,-1.7930775345486614,0.04361488146476141,-2.829310278423323,0,1.2138544202530557,54.15520165791868,53.85435576686186,53.85139596418212,54.139046611037344,4456.640405267842,4431.8803885407815,4431.940301307316,4456.681762026915,9.647414176369903,0
5.223999999999868,0,1.2006797172651165,-1.123243861924699,-1.8061723007182737,-0.011854469574632258,-2.9412706322176048,0,1.2006797172651165,54.151577348144464,53.839389644250836,53.85471820999853,54.15431479760617,4456.624720572741,4431.848954543287,4431.945322325354,4456.723859701474,9.638322837734165,0
5.283999999999861,0,1.1876463810513538,-1.13605061699536,-1.8190112639323455,-0.05198710273124825,-3.007048983658954,0,1.1876463810513538,54.15492919723253,53.83655592633778,53.85071097936169,54.15780389706799,4456.6731459106795,4431.960220432096,4431.8863087617765,4456.623182038303,9.629322966101066,0
5.343999999999855,0,1.1739971555027842,-1.097689152905855,-1.8316796550999817,-0.04437758114380246,-2.973746389149639,0,1.1739971555027842,54.16197678375369,53.8480389390176,53.84269143651083,54.14729284071788,4456.639633311946,4432.022428205765,4431.90990242506,4456.5708932000825,9.620413781786512,0
5.403999999999848,0,1.1596046094746038,-1.0291009872076071,-1.8442788830594572,0.0047509989161328104,-2.8686288713509316,0,1.1596046094746038,54.15456566974074,53.85279405966231,53.8488685377172,54.14377173287975,4456.530224767647,4431.968834444368,4432.01061823803,4456.633179692809,9.611593876024276,0
5.463999999999841,0,1.1450727284100104,-0.9758022503752449,-1.8568458996970325,0.055582255892552584,-2.777065894179725,0,1.1450727284100104,54.139978883432285,53.84915659497447,53.86202855203084,54.148835969562406,4456.538018569604,4431.95114978167,4431.995846066797,4456.657842724784,9.60286179793352,0
5.523999999999835,0,1.1312466696944277,-0.971054138832512,-1.8693247022666444,0.06692289796193635,-2.77345594313722,0,1.1312466696944277,54.14140064594104,53.85249322448988,53.85906735742385,54.14703877214523,4456.661910626831,4431.991400646285,4431.86708131021,4456.622464559529,9.594216671164476,0
5.583999999999828,0,1.1185274182745237,-1.0089491300574207,-1.8816130309658032,0.029533177134024986,-2.861028983889199,0,1.1185274182745237,54.15400919604558,53.85755991853206,53.84489306714346,54.1435378182789,4456.693970829342,4431.950294569398,4431.832527230455,4456.666064513663,9.58565834673884,0
5.643999999999822,0,1.1065458879835326,-1.0491895633474566,-1.8936464779533353,-0.026397031719724257,-2.9692330730205163,0,1.1065458879835326,54.15548493396956,53.84928662669884,53.841913133707024,54.153315305624574,4456.614565926921,4431.86660011691,4431.91195736885,4456.749733730173,9.577186962940322,0
5.703999999999815,0,1.0944601118368613,-1.049692126067409,-1.905451953725181,-0.05567558423724636,-3.0108196640298366,0,1.0944601118368613,54.14852280910515,53.83935768127677,53.84751707366413,54.164602435953945,4456.595800213675,4431.913227956396,4431.933266257415,4456.7005627153685,9.56880227424636,0
5.763999999999808,0,1.0816350454478125,-1.0006371562370069,-1.9171272501309264,-0.03467409651090167,-2.952438502878835,0,1.0816350454478125,54.14929211381996,53.84733456169899,53.84561183400161,54.15776149047944,4456.636924773107,4432.031988631486,4431.897059693039,4456.576884045224,9.560503291516973,0
5.823999999999802,0,1.0681549565239021,-0.9324126528434659,-1.9287632359497389,0.019553777151051836,-2.841622111642153,0,1.0681549565239021,54.15104569384007,53.86146302881594,53.843008271573275,54.14448300577072,4456.6033839659685,4432.019222193369,4431.937617071479,4456.58263391204,9.552288509536272,0
5.883999999999795,0,1.0547538249391653,-0.8910253419828298,-1.9403716384898027,0.06307084750078518,-2.7683261329718474,0,1.0547538249391653,54.14168691874076,53.86024337196238,53.85185071020854,54.14621899908832,4456.556479647195,4431.911583634601,4431.993243128705,4456.6815507323545,9.544156576984653,0
5.943999999999789,0,1.042220084820585,-0.9008743112624076,-1.9518768452580275,0.060606980155711435,-2.7921441763647237,0,1.042220084820585,54.13551780323345,53.85175084289909,53.85786616275899,54.15486519110848,4456.639644333046,4431.892555141149,4431.920016014324,4456.690641654337,9.53610682668735,0
6.003999999999782,0,1.030757330044992,-0.9450079094510297,-1.9631783595391215,0.014096980135670664,-2.8940892888544805,0,1.030757330044992,54.1470627240028,53.85247583365712,53.84653888030201,54.15392256203807,4456.748687488234,4431.930655642946,4431.821568109328,4456.641945902347,9.528139269623694,0
6.063999999999775,0,1.0198182042117307,-0.9788384842912249,-1.974233375599193,-0.03888489621929644,-2.9919567561097145,0,1.0198182042117307,54.1590632469106,53.853721465032116,53.835115032332475,54.15210025572481,4456.7044990581,4431.893732438048,4431.876414702627,4456.668210944082,9.520254015939507,0
6.123999999999769,0,1.0085459020811887,-0.9662180640377283,-1.9850926598763723,-0.05552715814274447,-3.006837882056845,0,1.0085459020811887,54.15338973180298,53.84559696380487,53.84169189646122,54.159321407930925,4456.60104028536,4431.859405045979,4431.989996814701,4456.692414996816,9.51245064799405,0
6.183999999999762,0,0.9964661187601691,-0.9086853345714343,-1.995860706093724,-0.022420886962297,-2.926966927627455,0,0.9964661187601691,54.143998990696026,53.843333427036434,53.85226201249031,54.16040556977723,4456.617029058575,4431.94042377057,4431.983028480536,4456.602375833175,9.504727982126077,0
6.2439999999997555,0,0.9838695431236364,-0.8442194848890892,-2.0066124042061144,0.033590776835002535,-2.8172411122602012,0,0.9838695431236364,54.14655914014816,53.85591585748643,53.851091066838514,54.14643393552689,4456.680757216852,4432.003290469173,4431.926711168095,4456.532098288735,9.497084486001626,0
6.303999999999749,0,0.971575341789906,-0.8165091829132566,-2.017333648493057,0.06713205261677134,-2.766710778789542,0,0.971575341789906,54.149645769174924,53.86273662328729,53.84952545571859,54.138092151819194,4456.661945746755,4431.910489679054,4431.9509079461395,4456.619513770907,9.489518952620095,0
6.363999999999742,0,0.9602670367428964,-0.839601870301726,-2.027933940045925,0.05100913271437998,-2.816526677633271,0,0.9602670367428964,54.14487718262424,53.85121970167198,53.85586152385416,54.14804159184962,4456.651902369437,4431.806814241491,4431.964009291606,4456.720131240323,9.482030949205877,0
6.423999999999736,0,0.9499381912240742,-0.8865364873869318,-2.03832078670881,-0.001786680077858871,-2.9266439541736005,0,0.9499381912240742,54.14735200957437,53.84071630993652,53.85491271882943,54.15701896165968,4456.735326030071,4431.848121690689,4431.881144602686,4456.678264819412,9.47462059788589,0
6.483999999999729,0,0.9398963874113434,-0.9111571791931786,-2.0484757021546276,-0.04859055885264869,-3.008223440200455,0,0.9398963874113434,54.160899471873066,53.84438060610937,53.84276415610978,54.151955765907786,4456.764598018199,4431.918178182957,4431.849900768131,4456.610180173572,9.467287951294743,0
6.5439999999997225,0,0.9293222411097596,-0.8854579835240953,-2.0584703118361998,-0.0515852771549097,-2.995513572515205,0,0.9293222411097596,54.16385663595125,53.84746637453814,53.84100021392028,54.14767677559033,4456.651540158496,4431.895045078816,4431.958566696785,4456.637705208761,9.4600323865197,0
6.603999999999716,0,0.9179311485098711,-0.8222420007966886,-2.068409534080871,-0.00840001300390607,-2.8990515478814656,0,0.9179311485098711,54.150346461613275,53.843067649333896,53.85543098968643,54.1511548993664,4456.57603542872,4431.886932375968,4432.027506325695,4456.652383012477,9.452852577551417,0
6.663999999999709,0,0.9062023410208687,-0.7647609860465332,-2.0783478097186117,0.04597136459607977,-2.797137431169065,0,0.9062023410208687,54.14335667631348,53.846080574633056,53.863017132525364,54.1475456165281,4456.65241345353,4431.956391255147,4431.942758355667,4456.591294078515,9.445747006684654,0
6.723999999999703,0,0.8949899320674936,-0.7517182553090294,-2.0882461610565732,0.06748464096709711,-2.7724797753985055,0,0.8949899320674936,54.15137762536747,53.85642730371595,53.8552347996426,54.13696027127398,4456.721558059497,4431.95403894482,4431.863908287458,4456.603351851083,9.438714676158082,0
6.783999999999696,0,0.8848306776671949,-0.7859518782633439,-2.0980048252465058,0.038682445797602556,-2.8452742577122474,0,0.8848306776671949,54.15602557426715,53.853637183129734,53.850454294068186,54.13988294853493,4456.6813164157375,4431.840737705584,4431.893653821692,4456.7271491998445,9.431755363917608,0
6.843999999999689,0,0.8755085140289424,-0.8321372789467754,-2.1075450578040242,-0.017180576383475882,-2.9568629131342754,0,0.8755085140289424,54.152289031168856,53.83879167698951,53.853694580044525,54.15522471179711,4456.661638274158,4431.811336779859,4431.90263467368,4456.767247415161,9.424869280582055,0
6.903999999999683,0,0.8662281903634221,-0.845368115735011,-2.116873916989402,-0.054953637731299826,-3.0171956704557132,0,0.8662281903634221,54.155153226253034,53.836213335774346,53.849998314498265,54.158635123474355,4456.707519079119,4431.9246605010685,4431.84645553701,4456.664222025656,9.418056356618287,0
6.963999999999676,0,0.856257570211682,-0.807490015298799,-2.126079610484804,-0.04412238381008564,-2.9776920095936887,0,0.856257570211682,54.16181292979708,53.848102643328005,53.84221738767425,54.14786703920066,4456.675012463163,4431.987878947448,4431.86964036792,4456.610325364325,9.411315778671215,0
7.02399999999967,0,0.8455189286561111,-0.7417886978060081,-2.135261169864172,0.006501203076708396,-2.8705486645934717,0,0.8455189286561111,54.1543548145568,53.853134918022235,53.84832802086004,54.14418224656093,4456.567874371392,4431.932268914102,4431.968956638309,4456.673757219052,9.404646103707723,0
7.083999999999663,0,0.8346507412202754,-0.694147960984048,-2.1444493552768296,0.05590878090831035,-2.782688535352567,0,0.8346507412202754,54.139902443067236,53.84931807599197,53.86128231633136,54.149497164609436,4456.577152544034,4431.911054029037,4431.9537959294885,4456.700854640297,9.398045908259963,0
7.143999999999656,0,0.8244899444084982,-0.6959230179655659,-2.1535827882061596,0.06407646775998535,-2.78542933841174,0,0.8244899444084982,54.141529395890586,53.85222455228282,53.85809079652236,54.14815525530423,4456.701919623384,4431.9504118314235,4431.82541544332,4456.6651102447295,9.39151441804814,0
7.20399999999965,0,0.8153936464814835,-0.7385692530914505,-2.1625586236920173,0.02434910308243833,-2.8767787737010293,0,0.8153936464814835,54.1543810014275,53.85711911087309,53.843695896662005,54.1448039910374,4456.733656711816,4431.911676913097,4431.792536564719,4456.704986953222,9.385051616621302,0
7.263999999999643,0,0.806949126105739,-0.7805548949584508,-2.171316762131461,-0.031174920087794915,-2.983046577177707,0,0.806949126105739,54.15589882865885,53.84902051685408,53.84074263911944,54.15433801536763,4456.651801012363,4431.830215131038,4431.875786512914,4456.785054486541,9.378657739500465,0
7.323999999999637,0,0.7983067248542228,-0.7809644079341727,-2.1798894633633092,-0.057615234809756596,-3.0184691061072386,0,0.7983067248542228,54.14862382379256,53.83930852885284,53.846770684112,54.1652969632426,4456.630739510952,4431.87711598568,4431.900700333078,4456.734301313148,9.372332570036486,0
7.38399999999963,0,0.788866269916826,-0.732603275099274,-2.1883762192917486,-0.03362326310489288,-2.9546027574959157,0,0.788866269916826,54.14907876474647,53.84739406019492,53.84532725302551,54.1581999220331,4456.673040833993,4431.995151489575,4431.8644928351405,4456.610171984149,9.366075103462794,0
7.443999999999623,0,0.7787616343610411,-0.6678182922082463,-2.196864216038281,0.02134415432758231,-2.8433383539189454,0,0.7787616343610411,54.15095657478957,53.86151796052456,53.84277485066787,54.144750614018,4456.642995017323,4431.980860838677,4431.902531752682,4456.616469534175,9.359883838636687,0
7.503999999999617,0,0.7687513770781453,-0.6323240681631949,-2.205358741552284,0.06276773999888778,-2.7749150697165907,0,0.7687513770781453,54.14204388294105,53.860044136412995,53.851364696336475,54.14654728430948,4456.5978106845705,4431.870823433898,4431.95716026022,4456.717062764168,9.353757496855804,0
7.56399999999961,0,0.7596039742995516,-0.6482133573028693,-2.2137798478843274,0.057087352514424046,-2.8049058526727726,0,0.7596039742995516,54.136225217500474,53.85105936103677,53.85723043028526,54.155484991177495,4456.679902209805,4431.85097571679,4431.885434137854,4456.726545078409,9.347695547351547,0
7.6239999999996035,0,0.7514750504168728,-0.6960804058702194,-2.2220279691150826,0.00885627617829545,-2.9092520988070065,0,0.7514750504168728,54.14790557630797,53.8514733627511,53.845964418972976,54.154656641967954,4456.7870065304605,4431.8919122848665,4431.789034302063,4456.674904025465,9.341698145944637,0
7.683999999999597,0,0.7437804508830341,-0.7307216978699478,-2.2300654019131647,-0.04294293848887836,-3.0037300382719905,0,0.7437804508830341,54.15990169436494,53.85288545310369,53.83472662291603,54.15248622961534,4456.740703503605,4431.8588925857575,4431.845779997312,4456.697481056179,9.335765498276123,0
7.74399999999959,0,0.735667879907195,-0.717710275546132,-2.2379477207233016,-0.05644017209921901,-3.0120981683686527,0,0.735667879907195,54.15404612752738,53.84509986297536,53.8416419275143,54.15921208198296,4456.635085752611,4431.825620580777,4431.960992969349,4456.721157840119,9.329897215919852,0
7.803999999999584,0,0.7267055590348572,-0.6612505258206238,-2.2457797089786595,-0.020755853827336485,-2.92778608862662,0,0.7267055590348572,54.14439555094639,53.84291601373473,53.8525942330481,54.16009420227078,4456.650813753237,4431.905238498638,4431.953474334746,4456.633330556235,9.3240921182198,0
7.863999999999577,0,0.7172306675413952,-0.600775465177947,-2.25363146386343,0.035196107490024414,-2.8192108215513523,0,0.7172306675413952,54.14698821834782,53.855329850662805,53.85147222389585,54.146209707093526,4456.7168477328705,4431.967094671161,4431.8938027048525,4456.565112033971,9.318348712178649,0
7.9239999999995705,0,0.7080755644672214,-0.5790397105456837,-2.2614825564300673,0.0661032499375597,-2.7744190170381913,0,0.7080755644672214,54.15048916522549,53.861932144324136,53.84952827790389,54.138050412546484,4456.699483531338,4431.8743587803065,4431.915325134842,4456.653689696367,9.31266590132139,0
7.983999999999564,0,0.6998933411678246,-0.6075248526378164,-2.269239428261281,0.04691794157944057,-2.8298463393196567,0,0.6998933411678246,54.14606335759207,53.850185923120975,53.85551005758978,54.14824066169717,4456.6870932416305,4431.771560536522,4431.929436609586,4456.754766755115,9.307043411208431,0
